air,x_mm,y_mm,radius_mm,legs
SA,4800,17700,192.5,SA-H02-U01 / SA-R02-01 / SA-R02-02
SA,4800,13100,192.5,SA-H02-D01 / SA-R02-03 / SA-R02-04
RA,6000,19100,225,RA-B02 / RA-H02-N01 / RA-H02-N02
RA,1500,17000,165.0,RA-H02-D01 / RA-H02-U01 / RA-R02-01
RA,1500,19100,225,RA-H02-N01 / RA-H02-U01
RA,1500,11900,165.0,RA-H02-D01 / RA-R02-03
RA,8050,17000,165.0,RA-H02-E01 / RA-H02-E02 / RA-R02-02
RA,8050,11900,165.0,RA-H02-E01 / RA-R02-04
SA,2900,6500,192.5,SA-B04 / SA-H04-D01 / SA-H04-U01
SA,2900,6600,178.8,SA-H04-U01 / SA-R04-01
SA,2900,4300,178.8,SA-H04-D01 / SA-H04-D02 / SA-R04-02
SA,2900,1900,178.8,SA-H04-D02 / SA-R04-03
RA,4800,7200,165.0,RA-H04-D01 / RA-H04-U01 / RA-R04-01
RA,4800,1000,165.0,RA-H04-D02 / RA-R04-03
SA,8500,5600,225,SA-B08 / SA-H08-D01 / SA-H08-U01
SA,8500,6500,178.8,SA-H08-U01 / SA-R08-01 / SA-R08-02
SA,8500,1700,178.8,SA-H08-D02 / SA-R08-05 / SA-R08-06
RA,9400,7500,225,RA-B08 / RA-H08-N01 / RA-H08-N02
RA,5800,7150,165.0,RA-H08-D01 / RA-H08-U01 / RA-R08-01
RA,5800,7500,225,RA-H08-N01 / RA-H08-U01
RA,5800,4600,165.0,RA-H08-D01 / RA-H08-D02 / RA-R08-03
RA,5800,900,165.0,RA-H08-D02 / RA-R08-05
RA,11500,900,165.0,RA-H08-E01 / RA-R08-06
SA,14000,18100,178.8,SA-H05-U03 / SA-R05-01 / SA-R05-02
RA,19500,19000,225,RA-H05-N01 / RA-H05-U03
RA,9600,14600,165.0,RA-H05-D01 / RA-R05-03
SA,5400,10700,165.0,SA-H06-D01 / SA-R06-01
SA,14700,10700,165.0,SA-H06-E01 / SA-H06-E02 / SA-R06-02
SA,18300,10700,165.0,SA-H06-E02 / SA-R06-03
RA,4500,8850,165.0,RA-H06-L01 / RA-R06-01
RA,18300,8850,165.0,RA-H06-E01 / RA-R06-04
SA,13400,7000,82.5,SA-H09-D01 / SA-H09-D02 / SA-R09-01
SA,13400,5200,82.5,SA-H09-D02 / SA-R09-02
SA,14100,3600,165.0,SA-B07 / SA-H07-D01
SA,14100,3200,165.0,SA-H07-D01 / SA-R07-01
RA,13000,1400,165.0,RA-H07-D01 / RA-R07-01
SA,18200,7000,165.0,SA-B03 / SA-H03-D01
SA,18200,6600,165.0,SA-H03-D01 / SA-R03-01
SA,16800,3500,165.0,SA-B01 / SA-H01-D01
SA,16800,3000,165.0,SA-H01-D01 / SA-R01-01
EA,14700,7000,82.5,EA-B09 / EA-R09-01 / EA-R09-02
RA,9600,19000,225,RA-H05-L01 / RA-H05-N01
RA,8050,19100,225,RA-H02-E02 / RA-H02-N02
RA,11500,7500,225,RA-H08-E03 / RA-H08-N02
