component,type,lowest_reserved_mm_affl,highest_reserved_mm_affl,ceiling_clearance_mm,slab_clearance_mm,status
SA-B02,Duct with insulation / proposed 25 mm flange each side,3325,3825.0,25,175.0,Duct plus flange allowance only; actuator / hanger and beam conflicts checked separately at shop stage
SA-H02-U01,Duct with insulation / proposed 25 mm flange each side,3325,3825.0,25,175.0,Duct plus flange allowance only; actuator / hanger and beam conflicts checked separately at shop stage
SA-H02-D01,Duct with insulation / proposed 25 mm flange each side,3325,3825.0,25,175.0,Duct plus flange allowance only; actuator / hanger and beam conflicts checked separately at shop stage
SA-R02-01,Duct with insulation / proposed 25 mm flange each side,3325,3825.0,25,175.0,Duct plus flange allowance only; actuator / hanger and beam conflicts checked separately at shop stage
SA-R02-02,Duct with insulation / proposed 25 mm flange each side,3325,3825.0,25,175.0,Duct plus flange allowance only; actuator / hanger and beam conflicts checked separately at shop stage
SA-R02-03,Duct with insulation / proposed 25 mm flange each side,3325,3825.0,25,175.0,Duct plus flange allowance only; actuator / hanger and beam conflicts checked separately at shop stage
SA-R02-04,Duct with insulation / proposed 25 mm flange each side,3325,3825.0,25,175.0,Duct plus flange allowance only; actuator / hanger and beam conflicts checked separately at shop stage
RA-B02,Duct with insulation / proposed 25 mm flange each side,3325,3875.0,25,125.0,Duct plus flange allowance only; actuator / hanger and beam conflicts checked separately at shop stage
RA-H02-U01,Duct with insulation / proposed 25 mm flange each side,3325,3825.0,25,175.0,Duct plus flange allowance only; actuator / hanger and beam conflicts checked separately at shop stage
RA-H02-D01,Duct with insulation / proposed 25 mm flange each side,3325,3825.0,25,175.0,Duct plus flange allowance only; actuator / hanger and beam conflicts checked separately at shop stage
RA-R02-01,Duct with insulation / proposed 25 mm flange each side,3325,3775.0,25,225.0,Duct plus flange allowance only; actuator / hanger and beam conflicts checked separately at shop stage
RA-R02-02,Duct with insulation / proposed 25 mm flange each side,3325,3775.0,25,225.0,Duct plus flange allowance only; actuator / hanger and beam conflicts checked separately at shop stage
RA-R02-03,Duct with insulation / proposed 25 mm flange each side,3325,3775.0,25,225.0,Duct plus flange allowance only; actuator / hanger and beam conflicts checked separately at shop stage
RA-R02-04,Duct with insulation / proposed 25 mm flange each side,3325,3775.0,25,225.0,Duct plus flange allowance only; actuator / hanger and beam conflicts checked separately at shop stage
SA-B04,Duct with insulation / proposed 25 mm flange each side,3325,3875.0,25,125.0,Duct plus flange allowance only; actuator / hanger and beam conflicts checked separately at shop stage
SA-H04-U01,Duct with insulation / proposed 25 mm flange each side,3325,3775.0,25,225.0,Duct plus flange allowance only; actuator / hanger and beam conflicts checked separately at shop stage
SA-H04-D01,Duct with insulation / proposed 25 mm flange each side,3325,3775.0,25,225.0,Duct plus flange allowance only; actuator / hanger and beam conflicts checked separately at shop stage
SA-H04-D02,Duct with insulation / proposed 25 mm flange each side,3325,3775.0,25,225.0,Duct plus flange allowance only; actuator / hanger and beam conflicts checked separately at shop stage
SA-R04-01,Duct with insulation / proposed 25 mm flange each side,3325,3800.0,25,200.0,Duct plus flange allowance only; actuator / hanger and beam conflicts checked separately at shop stage
SA-R04-02,Duct with insulation / proposed 25 mm flange each side,3325,3800.0,25,200.0,Duct plus flange allowance only; actuator / hanger and beam conflicts checked separately at shop stage
SA-R04-03,Duct with insulation / proposed 25 mm flange each side,3325,3800.0,25,200.0,Duct plus flange allowance only; actuator / hanger and beam conflicts checked separately at shop stage
RA-B04,Duct with insulation / proposed 25 mm flange each side,3325,3825.0,25,175.0,Duct plus flange allowance only; actuator / hanger and beam conflicts checked separately at shop stage
RA-H04-U01,Duct with insulation / proposed 25 mm flange each side,3325,3825.0,25,175.0,Duct plus flange allowance only; actuator / hanger and beam conflicts checked separately at shop stage
RA-H04-D01,Duct with insulation / proposed 25 mm flange each side,3325,3825.0,25,175.0,Duct plus flange allowance only; actuator / hanger and beam conflicts checked separately at shop stage
RA-H04-D02,Duct with insulation / proposed 25 mm flange each side,3325,3825.0,25,175.0,Duct plus flange allowance only; actuator / hanger and beam conflicts checked separately at shop stage
RA-R04-01,Duct with insulation / proposed 25 mm flange each side,3325,3775.0,25,225.0,Duct plus flange allowance only; actuator / hanger and beam conflicts checked separately at shop stage
RA-R04-02,Duct with insulation / proposed 25 mm flange each side,3325,3775.0,25,225.0,Duct plus flange allowance only; actuator / hanger and beam conflicts checked separately at shop stage
RA-R04-03,Duct with insulation / proposed 25 mm flange each side,3325,3775.0,25,225.0,Duct plus flange allowance only; actuator / hanger and beam conflicts checked separately at shop stage
SA-B08,Duct with insulation / proposed 25 mm flange each side,3325,3875.0,25,125.0,Duct plus flange allowance only; actuator / hanger and beam conflicts checked separately at shop stage
SA-H08-U01,Duct with insulation / proposed 25 mm flange each side,3325,3875.0,25,125.0,Duct plus flange allowance only; actuator / hanger and beam conflicts checked separately at shop stage
SA-H08-D01,Duct with insulation / proposed 25 mm flange each side,3325,3875.0,25,125.0,Duct plus flange allowance only; actuator / hanger and beam conflicts checked separately at shop stage
SA-H08-D02,Duct with insulation / proposed 25 mm flange each side,3325,3875.0,25,125.0,Duct plus flange allowance only; actuator / hanger and beam conflicts checked separately at shop stage
SA-R08-01,Duct with insulation / proposed 25 mm flange each side,3325,3800.0,25,200.0,Duct plus flange allowance only; actuator / hanger and beam conflicts checked separately at shop stage
SA-R08-02,Duct with insulation / proposed 25 mm flange each side,3325,3800.0,25,200.0,Duct plus flange allowance only; actuator / hanger and beam conflicts checked separately at shop stage
SA-R08-03,Duct with insulation / proposed 25 mm flange each side,3325,3800.0,25,200.0,Duct plus flange allowance only; actuator / hanger and beam conflicts checked separately at shop stage
SA-R08-04,Duct with insulation / proposed 25 mm flange each side,3325,3800.0,25,200.0,Duct plus flange allowance only; actuator / hanger and beam conflicts checked separately at shop stage
SA-R08-05,Duct with insulation / proposed 25 mm flange each side,3325,3800.0,25,200.0,Duct plus flange allowance only; actuator / hanger and beam conflicts checked separately at shop stage
SA-R08-06,Duct with insulation / proposed 25 mm flange each side,3325,3800.0,25,200.0,Duct plus flange allowance only; actuator / hanger and beam conflicts checked separately at shop stage
RA-B08,Duct with insulation / proposed 25 mm flange each side,3325,3875.0,25,125.0,Duct plus flange allowance only; actuator / hanger and beam conflicts checked separately at shop stage
RA-H08-U01,Duct with insulation / proposed 25 mm flange each side,3325,3825.0,25,175.0,Duct plus flange allowance only; actuator / hanger and beam conflicts checked separately at shop stage
RA-H08-D01,Duct with insulation / proposed 25 mm flange each side,3325,3825.0,25,175.0,Duct plus flange allowance only; actuator / hanger and beam conflicts checked separately at shop stage
RA-H08-D02,Duct with insulation / proposed 25 mm flange each side,3325,3825.0,25,175.0,Duct plus flange allowance only; actuator / hanger and beam conflicts checked separately at shop stage
RA-R08-01,Duct with insulation / proposed 25 mm flange each side,3325,3775.0,25,225.0,Duct plus flange allowance only; actuator / hanger and beam conflicts checked separately at shop stage
RA-R08-02,Duct with insulation / proposed 25 mm flange each side,3325,3775.0,25,225.0,Duct plus flange allowance only; actuator / hanger and beam conflicts checked separately at shop stage
RA-R08-03,Duct with insulation / proposed 25 mm flange each side,3325,3775.0,25,225.0,Duct plus flange allowance only; actuator / hanger and beam conflicts checked separately at shop stage
RA-R08-04,Duct with insulation / proposed 25 mm flange each side,3325,3775.0,25,225.0,Duct plus flange allowance only; actuator / hanger and beam conflicts checked separately at shop stage
RA-R08-05,Duct with insulation / proposed 25 mm flange each side,3325,3775.0,25,225.0,Duct plus flange allowance only; actuator / hanger and beam conflicts checked separately at shop stage
RA-R08-06,Duct with insulation / proposed 25 mm flange each side,3325,3775.0,25,225.0,Duct plus flange allowance only; actuator / hanger and beam conflicts checked separately at shop stage
SA-B05,Duct with insulation / proposed 25 mm flange each side,3325,3825.0,25,175.0,Duct plus flange allowance only; actuator / hanger and beam conflicts checked separately at shop stage
SA-H05-U01,Duct with insulation / proposed 25 mm flange each side,3325,3825.0,25,175.0,Duct plus flange allowance only; actuator / hanger and beam conflicts checked separately at shop stage
SA-H05-U02,Duct with insulation / proposed 25 mm flange each side,3325,3825.0,25,175.0,Duct plus flange allowance only; actuator / hanger and beam conflicts checked separately at shop stage
SA-H05-U03,Duct with insulation / proposed 25 mm flange each side,3325,3825.0,25,175.0,Duct plus flange allowance only; actuator / hanger and beam conflicts checked separately at shop stage
SA-R05-01,Duct with insulation / proposed 25 mm flange each side,3325,3800.0,25,200.0,Duct plus flange allowance only; actuator / hanger and beam conflicts checked separately at shop stage
SA-R05-02,Duct with insulation / proposed 25 mm flange each side,3325,3800.0,25,200.0,Duct plus flange allowance only; actuator / hanger and beam conflicts checked separately at shop stage
SA-R05-03,Duct with insulation / proposed 25 mm flange each side,3325,3800.0,25,200.0,Duct plus flange allowance only; actuator / hanger and beam conflicts checked separately at shop stage
SA-R05-04,Duct with insulation / proposed 25 mm flange each side,3325,3800.0,25,200.0,Duct plus flange allowance only; actuator / hanger and beam conflicts checked separately at shop stage
SA-R05-05,Duct with insulation / proposed 25 mm flange each side,3325,3800.0,25,200.0,Duct plus flange allowance only; actuator / hanger and beam conflicts checked separately at shop stage
RA-B05,Duct with insulation / proposed 25 mm flange each side,3325,3875.0,25,125.0,Duct plus flange allowance only; actuator / hanger and beam conflicts checked separately at shop stage
RA-H05-U01,Duct with insulation / proposed 25 mm flange each side,3325,3875.0,25,125.0,Duct plus flange allowance only; actuator / hanger and beam conflicts checked separately at shop stage
RA-H05-U02,Duct with insulation / proposed 25 mm flange each side,3325,3875.0,25,125.0,Duct plus flange allowance only; actuator / hanger and beam conflicts checked separately at shop stage
RA-H05-U03,Duct with insulation / proposed 25 mm flange each side,3325,3875.0,25,125.0,Duct plus flange allowance only; actuator / hanger and beam conflicts checked separately at shop stage
RA-H05-D01,Duct with insulation / proposed 25 mm flange each side,3325,3875.0,25,125.0,Duct plus flange allowance only; actuator / hanger and beam conflicts checked separately at shop stage
RA-R05-01,Duct with insulation / proposed 25 mm flange each side,3325,3775.0,25,225.0,Duct plus flange allowance only; actuator / hanger and beam conflicts checked separately at shop stage
RA-R05-02,Duct with insulation / proposed 25 mm flange each side,3325,3775.0,25,225.0,Duct plus flange allowance only; actuator / hanger and beam conflicts checked separately at shop stage
RA-R05-03,Duct with insulation / proposed 25 mm flange each side,3325,3775.0,25,225.0,Duct plus flange allowance only; actuator / hanger and beam conflicts checked separately at shop stage
RA-R05-04,Duct with insulation / proposed 25 mm flange each side,3325,3775.0,25,225.0,Duct plus flange allowance only; actuator / hanger and beam conflicts checked separately at shop stage
RA-R05-05,Duct with insulation / proposed 25 mm flange each side,3325,3775.0,25,225.0,Duct plus flange allowance only; actuator / hanger and beam conflicts checked separately at shop stage
SA-B06,Duct with insulation / proposed 25 mm flange each side,3325,3775.0,25,225.0,Duct plus flange allowance only; actuator / hanger and beam conflicts checked separately at shop stage
SA-H06-D01,Duct with insulation / proposed 25 mm flange each side,3325,3775.0,25,225.0,Duct plus flange allowance only; actuator / hanger and beam conflicts checked separately at shop stage
SA-R06-01,Duct with insulation / proposed 25 mm flange each side,3325,3775.0,25,225.0,Duct plus flange allowance only; actuator / hanger and beam conflicts checked separately at shop stage
SA-R06-02,Duct with insulation / proposed 25 mm flange each side,3325,3775.0,25,225.0,Duct plus flange allowance only; actuator / hanger and beam conflicts checked separately at shop stage
SA-R06-03,Duct with insulation / proposed 25 mm flange each side,3325,3775.0,25,225.0,Duct plus flange allowance only; actuator / hanger and beam conflicts checked separately at shop stage
RA-B06,Duct with insulation / proposed 25 mm flange each side,3325,3875.0,25,125.0,Duct plus flange allowance only; actuator / hanger and beam conflicts checked separately at shop stage
RA-H06-D01,Duct with insulation / proposed 25 mm flange each side,3325,3875.0,25,125.0,Duct plus flange allowance only; actuator / hanger and beam conflicts checked separately at shop stage
RA-R06-01,Duct with insulation / proposed 25 mm flange each side,3325,3775.0,25,225.0,Duct plus flange allowance only; actuator / hanger and beam conflicts checked separately at shop stage
RA-R06-02,Duct with insulation / proposed 25 mm flange each side,3325,3775.0,25,225.0,Duct plus flange allowance only; actuator / hanger and beam conflicts checked separately at shop stage
RA-R06-03,Duct with insulation / proposed 25 mm flange each side,3325,3775.0,25,225.0,Duct plus flange allowance only; actuator / hanger and beam conflicts checked separately at shop stage
RA-R06-04,Duct with insulation / proposed 25 mm flange each side,3325,3775.0,25,225.0,Duct plus flange allowance only; actuator / hanger and beam conflicts checked separately at shop stage
SA-B09,Duct with insulation / proposed 25 mm flange each side,3325,3625.0,25,375.0,Duct plus flange allowance only; actuator / hanger and beam conflicts checked separately at shop stage
SA-H09-D01,Duct with insulation / proposed 25 mm flange each side,3325,3625.0,25,375.0,Duct plus flange allowance only; actuator / hanger and beam conflicts checked separately at shop stage
SA-H09-D02,Duct with insulation / proposed 25 mm flange each side,3325,3625.0,25,375.0,Duct plus flange allowance only; actuator / hanger and beam conflicts checked separately at shop stage
SA-R09-01,Duct with insulation / proposed 25 mm flange each side,3325,3625.0,25,375.0,Duct plus flange allowance only; actuator / hanger and beam conflicts checked separately at shop stage
SA-R09-02,Duct with insulation / proposed 25 mm flange each side,3325,3625.0,25,375.0,Duct plus flange allowance only; actuator / hanger and beam conflicts checked separately at shop stage
SA-B07,Duct with insulation / proposed 25 mm flange each side,3325,3725.0,25,275.0,Duct plus flange allowance only; actuator / hanger and beam conflicts checked separately at shop stage
SA-H07-D01,Duct with insulation / proposed 25 mm flange each side,3325,3725.0,25,275.0,Duct plus flange allowance only; actuator / hanger and beam conflicts checked separately at shop stage
SA-R07-01,Duct with insulation / proposed 25 mm flange each side,3325,3825.0,25,175.0,Duct plus flange allowance only; actuator / hanger and beam conflicts checked separately at shop stage
RA-B07,Duct with insulation / proposed 25 mm flange each side,3325,3725.0,25,275.0,Duct plus flange allowance only; actuator / hanger and beam conflicts checked separately at shop stage
RA-H07-D01,Duct with insulation / proposed 25 mm flange each side,3325,3725.0,25,275.0,Duct plus flange allowance only; actuator / hanger and beam conflicts checked separately at shop stage
RA-R07-01,Duct with insulation / proposed 25 mm flange each side,3325,3775.0,25,225.0,Duct plus flange allowance only; actuator / hanger and beam conflicts checked separately at shop stage
SA-B03,Duct with insulation / proposed 25 mm flange each side,3325,3675.0,25,325.0,Duct plus flange allowance only; actuator / hanger and beam conflicts checked separately at shop stage
SA-H03-D01,Duct with insulation / proposed 25 mm flange each side,3325,3675.0,25,325.0,Duct plus flange allowance only; actuator / hanger and beam conflicts checked separately at shop stage
SA-R03-01,Duct with insulation / proposed 25 mm flange each side,3325,3800.0,25,200.0,Duct plus flange allowance only; actuator / hanger and beam conflicts checked separately at shop stage
SA-B01,Duct with insulation / proposed 25 mm flange each side,3325,3675.0,25,325.0,Duct plus flange allowance only; actuator / hanger and beam conflicts checked separately at shop stage
SA-H01-D01,Duct with insulation / proposed 25 mm flange each side,3325,3675.0,25,325.0,Duct plus flange allowance only; actuator / hanger and beam conflicts checked separately at shop stage
SA-R01-01,Duct with insulation / proposed 25 mm flange each side,3325,3775.0,25,225.0,Duct plus flange allowance only; actuator / hanger and beam conflicts checked separately at shop stage
EA-B09,Duct with insulation / proposed 25 mm flange each side,3325,3675.0,25,325.0,Duct plus flange allowance only; actuator / hanger and beam conflicts checked separately at shop stage
EA-R09-01,Duct with insulation / proposed 25 mm flange each side,3325,3625.0,25,375.0,Duct plus flange allowance only; actuator / hanger and beam conflicts checked separately at shop stage
EA-R09-02,Duct with insulation / proposed 25 mm flange each side,3325,3625.0,25,375.0,Duct plus flange allowance only; actuator / hanger and beam conflicts checked separately at shop stage
EA-B03,Duct with insulation / proposed 25 mm flange each side,3325,3675.0,25,325.0,Duct plus flange allowance only; actuator / hanger and beam conflicts checked separately at shop stage
RA-H05-L01,Duct with insulation / proposed 25 mm flange each side,3325,3875.0,25,125.0,Duct plus flange allowance only; actuator / hanger and beam conflicts checked separately at shop stage
RA-H05-N01,Duct with insulation / proposed 25 mm flange each side,3325,3875.0,25,125.0,Duct plus flange allowance only; actuator / hanger and beam conflicts checked separately at shop stage
RA-H05-E01,Duct with insulation / proposed 25 mm flange each side,3325,3875.0,25,125.0,Duct plus flange allowance only; actuator / hanger and beam conflicts checked separately at shop stage
SA-H06-E01,Duct with insulation / proposed 25 mm flange each side,3325,3775.0,25,225.0,Duct plus flange allowance only; actuator / hanger and beam conflicts checked separately at shop stage
SA-H06-E02,Duct with insulation / proposed 25 mm flange each side,3325,3775.0,25,225.0,Duct plus flange allowance only; actuator / hanger and beam conflicts checked separately at shop stage
RA-H06-L01,Duct with insulation / proposed 25 mm flange each side,3325,3875.0,25,125.0,Duct plus flange allowance only; actuator / hanger and beam conflicts checked separately at shop stage
RA-H06-L02,Duct with insulation / proposed 25 mm flange each side,3325,3875.0,25,125.0,Duct plus flange allowance only; actuator / hanger and beam conflicts checked separately at shop stage
RA-H06-E01,Duct with insulation / proposed 25 mm flange each side,3325,3875.0,25,125.0,Duct plus flange allowance only; actuator / hanger and beam conflicts checked separately at shop stage
RA-H02-E01,Duct with insulation / proposed 25 mm flange each side,3325,3825.0,25,175.0,Duct plus flange allowance only; actuator / hanger and beam conflicts checked separately at shop stage
RA-H02-E02,Duct with insulation / proposed 25 mm flange each side,3325,3825.0,25,175.0,Duct plus flange allowance only; actuator / hanger and beam conflicts checked separately at shop stage
RA-H02-N01,Duct with insulation / proposed 25 mm flange each side,3325,3825.0,25,175.0,Duct plus flange allowance only; actuator / hanger and beam conflicts checked separately at shop stage
RA-H02-N02,Duct with insulation / proposed 25 mm flange each side,3325,3825.0,25,175.0,Duct plus flange allowance only; actuator / hanger and beam conflicts checked separately at shop stage
RA-H08-E01,Duct with insulation / proposed 25 mm flange each side,3325,3825.0,25,175.0,Duct plus flange allowance only; actuator / hanger and beam conflicts checked separately at shop stage
RA-H08-E02,Duct with insulation / proposed 25 mm flange each side,3325,3825.0,25,175.0,Duct plus flange allowance only; actuator / hanger and beam conflicts checked separately at shop stage
RA-H08-E03,Duct with insulation / proposed 25 mm flange each side,3325,3825.0,25,175.0,Duct plus flange allowance only; actuator / hanger and beam conflicts checked separately at shop stage
RA-H08-N01,Duct with insulation / proposed 25 mm flange each side,3325,3825.0,25,175.0,Duct plus flange allowance only; actuator / hanger and beam conflicts checked separately at shop stage
RA-H08-N02,Duct with insulation / proposed 25 mm flange each side,3325,3825.0,25,175.0,Duct plus flange allowance only; actuator / hanger and beam conflicts checked separately at shop stage
EH-04,Room heater procurement limit,3350,3850,50,150,"Casing INCLUDING insulation must fit 500 mm overall height; outlet / high-limit / airflow-proof access per OEM, otherwise relocate"
EH-05,Room heater procurement limit,3350,3850,50,150,"Casing INCLUDING insulation must fit 500 mm overall height; outlet / high-limit / airflow-proof access per OEM, otherwise relocate"
EH-06,Room heater procurement limit,3350,3850,50,150,"Casing INCLUDING insulation must fit 500 mm overall height; outlet / high-limit / airflow-proof access per OEM, otherwise relocate"
EH-07,Room heater procurement limit,3350,3850,50,150,"Casing INCLUDING insulation must fit 500 mm overall height; outlet / high-limit / airflow-proof access per OEM, otherwise relocate"
EH-03,Room heater procurement limit,3350,3850,50,150,"Casing INCLUDING insulation must fit 500 mm overall height; outlet / high-limit / airflow-proof access per OEM, otherwise relocate"
