tag,previous_size_mm,revised_size_mm,flow_l_s,velocity_m_s
RA-B02,600x400,650x400,605.46339,2.32871
RA-H02-U01,600x400,450x350,302.731695,1.92211
RA-H02-D01,600x400,450x350,151.365848,0.96105
RA-B08,500x650,850x400,825.26339,2.42725
RA-H08-U01,500x650,500x350,412.631695,2.3579
RA-H08-D01,500x650,500x350,275.087797,1.57193
RA-H08-D02,500x650,500x350,137.543898,0.78597
RA-B05,500x525,700x400,718.36339,2.56558
RA-H05-U01,500x525,700x400,574.690712,2.05247
RA-H05-U02,500x525,700x400,431.018034,1.53935
RA-H05-U03,500x525,700x400,287.345356,1.02623
RA-H05-D01,500x525,700x400,143.672678,0.51312
RA-B06,350x550,500x400,358.86339,1.79432
RA-H06-D01,350x550,500x400,179.431695,0.89716
RA-H05-L01,500x525,700x400,287.345356,1.02623
RA-H05-N01,500x525,700x400,287.345356,1.02623
RA-H05-E01,500x525,700x400,718.36339,2.56558
RA-H06-L01,350x550,500x400,89.715847,0.44858
RA-H06-L02,350x550,500x400,179.431695,0.89716
RA-H06-E01,350x550,500x400,89.715847,0.44858
