tag,air_type,width_mm,height_mm,flow_l_s,velocity_m_s,zone,status
SA-M01,SA,1200,650,3697.8,4.74077,ROOF_PROPOSAL,"Functional flow/size basis only; actual roof route, lengths, levels, weather insulation and fitting losses TBC"
SA-M02,SA,1100,575,3033.0,4.79526,ROOF_PROPOSAL,"Functional flow/size basis only; actual roof route, lengths, levels, weather insulation and fitting losses TBC"
SA-M03,SA,650,750,2255.3,4.62626,ROOF_PROPOSAL,"Functional flow/size basis only; actual roof route, lengths, levels, weather insulation and fitting losses TBC"
SA-M04,SA,650,575,1806.1,4.83237,ROOF_PROPOSAL,"Functional flow/size basis only; actual roof route, lengths, levels, weather insulation and fitting losses TBC"
SA-M05,SA,650,300,921.5,4.72564,ROOF_PROPOSAL,"Functional flow/size basis only; actual roof route, lengths, levels, weather insulation and fitting losses TBC"
SA-M06,SA,500,250,503.3,4.0264,ROOF_PROPOSAL,"Functional flow/size basis only; actual roof route, lengths, levels, weather insulation and fitting losses TBC"
SA-M07,SA,450,250,457.1,4.06311,ROOF_PROPOSAL,"Functional flow/size basis only; actual roof route, lengths, levels, weather insulation and fitting losses TBC"
SA-M08,SA,400,200,288.9,3.61125,ROOF_PROPOSAL,"Functional flow/size basis only; actual roof route, lengths, levels, weather insulation and fitting losses TBC"
SA-M09,SA,300,200,141.3,2.355,ROOF_PROPOSAL,"Functional flow/size basis only; actual roof route, lengths, levels, weather insulation and fitting losses TBC"
RA-M01,RA,1400,650,3006.680338,3.30404,ROOF_PROPOSAL,"Functional flow/size basis only; actual roof route, lengths, levels, weather insulation and fitting losses TBC"
RA-M02,RA,1200,600,2401.216948,3.33502,ROOF_PROPOSAL,"Functional flow/size basis only; actual roof route, lengths, levels, weather insulation and fitting losses TBC"
RA-M03,RA,600,800,1682.853558,3.50594,ROOF_PROPOSAL,"Functional flow/size basis only; actual roof route, lengths, levels, weather insulation and fitting losses TBC"
RA-M04,RA,600,600,1292.990169,3.59164,ROOF_PROPOSAL,"Functional flow/size basis only; actual roof route, lengths, levels, weather insulation and fitting losses TBC"
RA-M05,RA,350,575,467.726779,2.32411,ROOF_PROPOSAL,"Functional flow/size basis only; actual roof route, lengths, levels, weather insulation and fitting losses TBC"
RA-M06,RA,350,300,108.86339,1.03679,ROOF_PROPOSAL,"Functional flow/size basis only; actual roof route, lengths, levels, weather insulation and fitting losses TBC"
