tag,riser,x_mm,y_mm,reserved_opening_x_mm,reserved_opening_y_mm,upstand_above_roof_mm,detail,status
CURB-RS-SA02,RS-SA02,3600,16600,850.0,700.0,300,D-024 / D-030,"Reserved opening only; structure, sleeve, waterproofing, firestop and anchor approval required"
CURB-RS-RA02,RS-RA02,6000,18150,1000.0,750.0,300,D-024 / D-030,"Reserved opening only; structure, sleeve, waterproofing, firestop and anchor approval required"
CURB-RS-SA04,RS-SA04,4200,6500,700.0,750.0,300,D-024 / D-030,"Reserved opening only; structure, sleeve, waterproofing, firestop and anchor approval required"
CURB-RS-RA04,RS-RA04,4800,8250,850.0,700.0,300,D-024 / D-030,"Reserved opening only; structure, sleeve, waterproofing, firestop and anchor approval required"
CURB-RS-SA08,RS-SA08,9800,5600,950.0,750.0,300,D-024 / D-030,"Reserved opening only; structure, sleeve, waterproofing, firestop and anchor approval required"
CURB-RS-RA08,RS-RA08,9400,8450,1200.0,750.0,300,D-024 / D-030,"Reserved opening only; structure, sleeve, waterproofing, firestop and anchor approval required"
CURB-RS-SA05,RS-SA05,12500,12800,950.0,700.0,300,D-024 / D-030,"Reserved opening only; structure, sleeve, waterproofing, firestop and anchor approval required"
CURB-RS-RA05,RS-RA05,19500,10400,1050.0,750.0,300,D-024 / D-030,"Reserved opening only; structure, sleeve, waterproofing, firestop and anchor approval required"
CURB-RS-SA06,RS-SA06,12500,9475,800.0,650.0,300,D-024 / D-030,"Reserved opening only; structure, sleeve, waterproofing, firestop and anchor approval required"
CURB-RS-RA06,RS-RA06,11300,9800,850.0,750.0,300,D-024 / D-030,"Reserved opening only; structure, sleeve, waterproofing, firestop and anchor approval required"
CURB-RS-SA09,RS-SA09,13400,8200,550.0,500.0,300,D-024 / D-030,"Reserved opening only; structure, sleeve, waterproofing, firestop and anchor approval required"
CURB-RS-SA07,RS-SA07,15500,5000,650.0,600.0,300,D-024 / D-030,"Reserved opening only; structure, sleeve, waterproofing, firestop and anchor approval required"
CURB-RS-RA07,RS-RA07,13000,5000,700.0,600.0,300,D-024 / D-030,"Reserved opening only; structure, sleeve, waterproofing, firestop and anchor approval required"
CURB-RS-SA03,RS-SA03,17000,7000,650.0,550.0,300,D-024 / D-030,"Reserved opening only; structure, sleeve, waterproofing, firestop and anchor approval required"
CURB-RS-SA01,RS-SA01,19400,3500,650.0,550.0,300,D-024 / D-030,"Reserved opening only; structure, sleeve, waterproofing, firestop and anchor approval required"
