tag,type,air,upstream,downstream,start_x_mm,start_y_mm,end_x_mm,end_y_mm,plan_mouth_mm,plan_neck_mm,proposed_length_mm,status,Rev12_detail,Rev12_fabrication_hold
TR-SA-R02-01,Rectangular-to-round terminal adaptor,SA,SA-H02-U01,SA-R02-01,4550.0,17700.0,4250.0,17700.0,438,350,300,Proposed plan geometry; height conversion / fitting K / fabrication development TBC,D-025,Opening / radius follows connected model; develop shop fitting after selecting terminal plenum
TR-SA-R02-02,Rectangular-to-round terminal adaptor,SA,SA-H02-U01,SA-R02-02,5050.0,17700.0,5350.0,17700.0,438,350,300,Proposed plan geometry; height conversion / fitting K / fabrication development TBC,D-025,Opening / radius follows connected model; develop shop fitting after selecting terminal plenum
TR-SA-R02-03,Rectangular-to-round terminal adaptor,SA,SA-H02-D01,SA-R02-03,4550.0,13100.0,4250.0,13100.0,438,350,300,Proposed plan geometry; height conversion / fitting K / fabrication development TBC,D-025,Opening / radius follows connected model; develop shop fitting after selecting terminal plenum
TR-SA-R02-04,Rectangular-to-round terminal adaptor,SA,SA-H02-D01,SA-R02-04,5050.0,13100.0,5350.0,13100.0,438,350,300,Proposed plan geometry; height conversion / fitting K / fabrication development TBC,D-025,Opening / radius follows connected model; develop shop fitting after selecting terminal plenum
TR-RA-R02-01,Rectangular-to-round terminal adaptor,RA,RA-R02-01,RA-H02-U01,1725.0,17000.0,1835.0,17000.0,375,300,110,Proposed plan geometry; height conversion / fitting K / fabrication development TBC,D-025,Opening / radius follows connected model; develop shop fitting after selecting terminal plenum
TR-RA-R02-03,Rectangular-to-round terminal adaptor,RA,RA-R02-03,RA-H02-D01,1725.0,11900.0,1835.0,11900.0,375,300,110,Proposed plan geometry; height conversion / fitting K / fabrication development TBC,D-025,Opening / radius follows connected model; develop shop fitting after selecting terminal plenum
TR-SA-R04-01,Rectangular-to-round terminal adaptor,SA,SA-H04-U01,SA-R04-01,2675.0,6600.0,2375.0,6600.0,406,325,300,Proposed plan geometry; height conversion / fitting K / fabrication development TBC,D-025,Opening / radius follows connected model; develop shop fitting after selecting terminal plenum
TR-SA-R04-02,Rectangular-to-round terminal adaptor,SA,SA-H04-D01,SA-R04-02,3125.0,4300.0,3425.0,4300.0,406,325,300,Proposed plan geometry; height conversion / fitting K / fabrication development TBC,D-025,Opening / radius follows connected model; develop shop fitting after selecting terminal plenum
TR-SA-R04-03,Rectangular-to-round terminal adaptor,SA,SA-H04-D02,SA-R04-03,2675.0,1900.0,2375.0,1900.0,406,325,300,Proposed plan geometry; height conversion / fitting K / fabrication development TBC,D-025,Opening / radius follows connected model; develop shop fitting after selecting terminal plenum
TR-RA-R04-01,Rectangular-to-round terminal adaptor,RA,RA-R04-01,RA-H04-U01,4550.0,7200.0,4250.0,7200.0,375,300,300,Proposed plan geometry; height conversion / fitting K / fabrication development TBC,D-025,Opening / radius follows connected model; develop shop fitting after selecting terminal plenum
TR-RA-R04-03,Rectangular-to-round terminal adaptor,RA,RA-R04-03,RA-H04-D02,4550.0,1000.0,4250.0,1000.0,375,300,300,Proposed plan geometry; height conversion / fitting K / fabrication development TBC,D-025,Opening / radius follows connected model; develop shop fitting after selecting terminal plenum
TR-SA-R08-01,Rectangular-to-round terminal adaptor,SA,SA-H08-U01,SA-R08-01,8200.0,6500.0,7900.0,6500.0,406,325,300,Proposed plan geometry; height conversion / fitting K / fabrication development TBC,D-025,Opening / radius follows connected model; develop shop fitting after selecting terminal plenum
TR-SA-R08-02,Rectangular-to-round terminal adaptor,SA,SA-H08-U01,SA-R08-02,8800.0,6500.0,9100.0,6500.0,406,325,300,Proposed plan geometry; height conversion / fitting K / fabrication development TBC,D-025,Opening / radius follows connected model; develop shop fitting after selecting terminal plenum
TR-SA-R08-03,Rectangular-to-round terminal adaptor,SA,SA-H08-D01,SA-R08-03,8200.0,4200.0,7900.0,4200.0,406,325,300,Proposed plan geometry; height conversion / fitting K / fabrication development TBC,D-025,Opening / radius follows connected model; develop shop fitting after selecting terminal plenum
TR-SA-R08-04,Rectangular-to-round terminal adaptor,SA,SA-H08-D01,SA-R08-04,8800.0,4200.0,9100.0,4200.0,406,325,300,Proposed plan geometry; height conversion / fitting K / fabrication development TBC,D-025,Opening / radius follows connected model; develop shop fitting after selecting terminal plenum
TR-SA-R08-05,Rectangular-to-round terminal adaptor,SA,SA-H08-D02,SA-R08-05,8200.0,1700.0,7900.0,1700.0,406,325,300,Proposed plan geometry; height conversion / fitting K / fabrication development TBC,D-025,Opening / radius follows connected model; develop shop fitting after selecting terminal plenum
TR-SA-R08-06,Rectangular-to-round terminal adaptor,SA,SA-H08-D02,SA-R08-06,8800.0,1700.0,9100.0,1700.0,406,325,300,Proposed plan geometry; height conversion / fitting K / fabrication development TBC,D-025,Opening / radius follows connected model; develop shop fitting after selecting terminal plenum
TR-SA-R05-01,Rectangular-to-round terminal adaptor,SA,SA-H05-U03,SA-R05-01,13700.0,18100.0,13400.0,18100.0,406,325,300,Proposed plan geometry; height conversion / fitting K / fabrication development TBC,D-025,Opening / radius follows connected model; develop shop fitting after selecting terminal plenum
TR-SA-R05-02,Rectangular-to-round terminal adaptor,SA,SA-H05-U03,SA-R05-02,14300.0,18100.0,14600.0,18100.0,406,325,300,Proposed plan geometry; height conversion / fitting K / fabrication development TBC,D-025,Opening / radius follows connected model; develop shop fitting after selecting terminal plenum
TR-SA-R05-03,Rectangular-to-round terminal adaptor,SA,SA-H05-U02,SA-R05-03,14300.0,15800.0,14600.0,15800.0,406,325,300,Proposed plan geometry; height conversion / fitting K / fabrication development TBC,D-025,Opening / radius follows connected model; develop shop fitting after selecting terminal plenum
TR-SA-R05-04,Rectangular-to-round terminal adaptor,SA,SA-H05-U01,SA-R05-04,13700.0,13600.0,13400.0,13600.0,406,325,300,Proposed plan geometry; height conversion / fitting K / fabrication development TBC,D-025,Opening / radius follows connected model; develop shop fitting after selecting terminal plenum
TR-SA-R05-05,Rectangular-to-round terminal adaptor,SA,SA-H05-U01,SA-R05-05,14300.0,13600.0,14600.0,13600.0,406,325,300,Proposed plan geometry; height conversion / fitting K / fabrication development TBC,D-025,Opening / radius follows connected model; develop shop fitting after selecting terminal plenum
TR-RA-R05-05,Rectangular-to-round terminal adaptor,RA,RA-R05-05,RA-H05-U01,19150.0,12000.0,18850.0,12000.0,375,300,300,Proposed plan geometry; height conversion / fitting K / fabrication development TBC,D-025,Opening / radius follows connected model; develop shop fitting after selecting terminal plenum
TR-SA-R06-01,Rectangular-to-round terminal adaptor,SA,SA-H06-D01,SA-R06-01,5400.0,10475.0,5400.0,10345.0,375,300,130,Proposed plan geometry; height conversion / fitting K / fabrication development TBC,D-025,Opening / radius follows connected model; develop shop fitting after selecting terminal plenum
TR-SA-R06-02,Rectangular-to-round terminal adaptor,SA,SA-H06-E01,SA-R06-02,14700.0,10475.0,14700.0,10345.0,375,300,130,Proposed plan geometry; height conversion / fitting K / fabrication development TBC,D-025,Opening / radius follows connected model; develop shop fitting after selecting terminal plenum
TR-SA-R06-03,Rectangular-to-round terminal adaptor,SA,SA-H06-E02,SA-R06-03,18300.0,10475.0,18300.0,10345.0,375,300,130,Proposed plan geometry; height conversion / fitting K / fabrication development TBC,D-025,Opening / radius follows connected model; develop shop fitting after selecting terminal plenum
TR-RA-R07-01,Rectangular-to-round terminal adaptor,RA,RA-R07-01,RA-H07-D01,13175.0,1400.0,13475.0,1400.0,375,300,300,Proposed plan geometry; height conversion / fitting K / fabrication development TBC,D-025,Opening / radius follows connected model; develop shop fitting after selecting terminal plenum
TR-SA-R03-01,Rectangular-to-round terminal adaptor,SA,SA-H03-D01,SA-R03-01,18350.0,6600.0,18450.0,6600.0,406,325,100,Proposed plan geometry; height conversion / fitting K / fabrication development TBC,D-025,Opening / radius follows connected model; develop shop fitting after selecting terminal plenum
TR-SA-R01-01,Rectangular-to-round terminal adaptor,SA,SA-H01-D01,SA-R01-01,16950.0,3000.0,17250.0,3000.0,375,300,300,Proposed plan geometry; height conversion / fitting K / fabrication development TBC,D-025,Opening / radius follows connected model; develop shop fitting after selecting terminal plenum
TR-EA-R09-01,Rectangular-to-round terminal adaptor,EA,EA-R09-01,EA-B09,14575.0,7000.0,14425.0,7000.0,188,150,150,Proposed plan geometry; height conversion / fitting K / fabrication development TBC,D-025,Opening / radius follows connected model; develop shop fitting after selecting terminal plenum
TR-EA-R09-02,Rectangular-to-round terminal adaptor,EA,EA-R09-02,EA-B09,14700.0,7000.0,14700.0,6700.0,250,150,300,Proposed plan geometry; height conversion / fitting K / fabrication development TBC,D-025,Opening / radius follows connected model; develop shop fitting after selecting terminal plenum
