terminal,air_type,room,flow_l_s,roof_and_indoor_path,vertical_rise_m,straight_loss_pa,assumed_fitting_loss_pa,assumed_heater_loss_pa,assumed_common_external_loss_pa,assumed_terminal_loss_pa,estimated_path_loss_pa,sensitivity_low_pa,sensitivity_high_pa,status
SD-02-01,SA,02,166.2,R-SA-M01 / R-SA-02-04 / RS-SA02 / SA-B02 / SA-H02-U01 / SA-R02-01,1.4,2.338,48.707,0,150,30,231.045,116.692,345.399,Preliminary allowance model; terminal / fitting / selected equipment losses and PAU connection paths pending
SD-02-02,SA,02,166.2,R-SA-M01 / R-SA-02-04 / RS-SA02 / SA-B02 / SA-H02-U01 / SA-R02-02,1.4,2.362,48.707,0,150,30,231.068,116.715,345.422,Preliminary allowance model; terminal / fitting / selected equipment losses and PAU connection paths pending
SD-02-03,SA,02,166.2,R-SA-M01 / R-SA-02-04 / RS-SA02 / SA-B02 / SA-H02-D01 / SA-R02-03,1.4,2.61,48.707,0,150,30,231.316,116.963,345.67,Preliminary allowance model; terminal / fitting / selected equipment losses and PAU connection paths pending
SD-02-04,SA,02,166.2,R-SA-M01 / R-SA-02-04 / RS-SA02 / SA-B02 / SA-H02-D01 / SA-R02-04,1.4,2.633,48.707,0,150,30,231.34,116.986,345.693,Preliminary allowance model; terminal / fitting / selected equipment losses and PAU connection paths pending
RG-02-01,RA,02,151.36584740090174,R-RA-M01 / R-RA-M02 / R-RA-02A / RS-RA02 / RA-B02 / RA-H02-N01 / RA-H02-U01 / RA-R02-01,2.15,2.302,25.917,0,0,30,58.219,30.261,86.177,Preliminary allowance model; terminal / fitting / selected equipment losses and PAU connection paths pending
RG-02-02,RA,02,151.36584740090174,R-RA-M01 / R-RA-M02 / R-RA-02A / RS-RA02 / RA-B02 / RA-H02-N02 / RA-H02-E02 / RA-R02-02,2.15,1.972,25.917,0,0,30,57.889,29.931,85.847,Preliminary allowance model; terminal / fitting / selected equipment losses and PAU connection paths pending
RG-02-03,RA,02,151.36584740090174,R-RA-M01 / R-RA-M02 / R-RA-02A / RS-RA02 / RA-B02 / RA-H02-N01 / RA-H02-U01 / RA-H02-D01 / RA-R02-03,2.15,2.482,24.652,0,0,30,57.134,29.808,84.46,Preliminary allowance model; terminal / fitting / selected equipment losses and PAU connection paths pending
RG-02-04,RA,02,151.36584740090174,R-RA-M01 / R-RA-M02 / R-RA-02A / RS-RA02 / RA-B02 / RA-H02-N02 / RA-H02-E02 / RA-H02-E01 / RA-R02-04,2.15,2.152,24.652,0,0,30,56.804,29.478,84.13,Preliminary allowance model; terminal / fitting / selected equipment losses and PAU connection paths pending
SD-04-01,SA,04,149.73333333333332,R-SA-M01 / R-SA-02-04 / R-SA-04A / R-SA-04B / RS-SA04 / SA-B04 / SA-H04-U01 / SA-R04-01,1.4,5.514,40.284,25,150,30,250.798,128.156,373.44,Preliminary allowance model; terminal / fitting / selected equipment losses and PAU connection paths pending
SD-04-02,SA,04,149.73333333333332,R-SA-M01 / R-SA-02-04 / R-SA-04A / R-SA-04B / RS-SA04 / SA-B04 / SA-H04-D01 / SA-R04-02,1.4,5.911,43.476,25,150,30,254.387,130.149,378.624,Preliminary allowance model; terminal / fitting / selected equipment losses and PAU connection paths pending
SD-04-03,SA,04,149.73333333333332,R-SA-M01 / R-SA-02-04 / R-SA-04A / R-SA-04B / RS-SA04 / SA-B04 / SA-H04-D01 / SA-H04-D02 / SA-R04-03,1.4,6.005,42.646,25,150,30,253.651,129.828,377.474,Preliminary allowance model; terminal / fitting / selected equipment losses and PAU connection paths pending
RG-04-01,RA,04,129.95446320120234,R-RA-M01 / R-RA-04A / RS-RA04 / RA-B04 / RA-H04-U01 / RA-R04-01,2.15,3.03,18.169,0,0,30,51.199,27.115,75.283,Preliminary allowance model; terminal / fitting / selected equipment losses and PAU connection paths pending
RG-04-02,RA,04,129.95446320120234,R-RA-M01 / R-RA-04A / RS-RA04 / RA-B04 / RA-H04-U01 / RA-H04-D01 / RA-R04-02,2.15,2.626,18.433,0,0,30,51.06,26.843,75.276,Preliminary allowance model; terminal / fitting / selected equipment losses and PAU connection paths pending
RG-04-03,RA,04,129.95446320120234,R-RA-M01 / R-RA-04A / RS-RA04 / RA-B04 / RA-H04-U01 / RA-H04-D01 / RA-H04-D02 / RA-R04-03,2.15,3.31,17.485,0,0,30,50.796,27.053,74.539,Preliminary allowance model; terminal / fitting / selected equipment losses and PAU connection paths pending
SD-08-01,SA,08,147.43333333333334,R-SA-M01 / R-SA-M02 / R-SA-08A / R-SA-08B / RS-SA08 / SA-B08 / SA-H08-U01 / SA-R08-01,1.4,6.768,51.461,0,150,30,238.228,122.498,353.959,Preliminary allowance model; terminal / fitting / selected equipment losses and PAU connection paths pending
SD-08-02,SA,08,147.43333333333334,R-SA-M01 / R-SA-M02 / R-SA-08A / R-SA-08B / RS-SA08 / SA-B08 / SA-H08-U01 / SA-R08-02,1.4,6.821,51.461,0,150,30,238.282,122.552,354.013,Preliminary allowance model; terminal / fitting / selected equipment losses and PAU connection paths pending
SD-08-03,SA,08,147.43333333333334,R-SA-M01 / R-SA-M02 / R-SA-08A / R-SA-08B / RS-SA08 / SA-B08 / SA-H08-D01 / SA-R08-03,1.4,6.938,54.178,0,150,30,241.116,124.027,358.205,Preliminary allowance model; terminal / fitting / selected equipment losses and PAU connection paths pending
SD-08-04,SA,08,147.43333333333334,R-SA-M01 / R-SA-M02 / R-SA-08A / R-SA-08B / RS-SA08 / SA-B08 / SA-H08-D01 / SA-R08-04,1.4,6.992,54.178,0,150,30,241.17,124.081,358.259,Preliminary allowance model; terminal / fitting / selected equipment losses and PAU connection paths pending
SD-08-05,SA,08,147.43333333333334,R-SA-M01 / R-SA-M02 / R-SA-08A / R-SA-08B / RS-SA08 / SA-B08 / SA-H08-D01 / SA-H08-D02 / SA-R08-05,1.4,7.045,54.359,0,150,30,241.404,124.225,358.584,Preliminary allowance model; terminal / fitting / selected equipment losses and PAU connection paths pending
SD-08-06,SA,08,147.43333333333334,R-SA-M01 / R-SA-M02 / R-SA-08A / R-SA-08B / RS-SA08 / SA-B08 / SA-H08-D01 / SA-H08-D02 / SA-R08-06,1.4,7.099,54.359,0,150,30,241.458,124.278,358.637,Preliminary allowance model; terminal / fitting / selected equipment losses and PAU connection paths pending
RG-08-01,RA,08,137.54389826726785,R-RA-M01 / R-RA-M02 / R-RA-M03 / R-RA-08A / RS-RA08 / RA-B08 / RA-H08-N01 / RA-H08-U01 / RA-R08-01,2.15,3.461,29.695,0,0,30,63.156,33.309,93.004,Preliminary allowance model; terminal / fitting / selected equipment losses and PAU connection paths pending
RG-08-02,RA,08,137.54389826726785,R-RA-M01 / R-RA-M02 / R-RA-M03 / R-RA-08A / RS-RA08 / RA-B08 / RA-H08-N02 / RA-H08-E03 / RA-R08-02,2.15,3.175,29.695,0,0,30,62.871,33.023,92.718,Preliminary allowance model; terminal / fitting / selected equipment losses and PAU connection paths pending
RG-08-03,RA,08,137.54389826726785,R-RA-M01 / R-RA-M02 / R-RA-M03 / R-RA-08A / RS-RA08 / RA-B08 / RA-H08-N01 / RA-H08-U01 / RA-H08-D01 / RA-R08-03,2.15,3.666,29.992,0,0,30,63.658,33.662,93.654,Preliminary allowance model; terminal / fitting / selected equipment losses and PAU connection paths pending
RG-08-04,RA,08,137.54389826726785,R-RA-M01 / R-RA-M02 / R-RA-M03 / R-RA-08A / RS-RA08 / RA-B08 / RA-H08-N02 / RA-H08-E03 / RA-H08-E02 / RA-R08-04,2.15,3.38,29.992,0,0,30,63.372,33.376,93.368,Preliminary allowance model; terminal / fitting / selected equipment losses and PAU connection paths pending
RG-08-05,RA,08,137.54389826726785,R-RA-M01 / R-RA-M02 / R-RA-M03 / R-RA-08A / RS-RA08 / RA-B08 / RA-H08-N01 / RA-H08-U01 / RA-H08-D01 / RA-H08-D02 / RA-R08-05,2.15,3.752,28.93,0,0,30,62.683,33.218,92.148,Preliminary allowance model; terminal / fitting / selected equipment losses and PAU connection paths pending
RG-08-06,RA,08,137.54389826726785,R-RA-M01 / R-RA-M02 / R-RA-M03 / R-RA-08A / RS-RA08 / RA-B08 / RA-H08-N02 / RA-H08-E03 / RA-H08-E02 / RA-H08-E01 / RA-R08-06,2.15,3.467,28.93,0,0,30,62.397,32.932,91.862,Preliminary allowance model; terminal / fitting / selected equipment losses and PAU connection paths pending
SD-05-01,SA,05,155.54000000000002,R-SA-M01 / R-SA-M02 / R-SA-M03 / R-SA-05-06 / RS-SA05 / SA-B05 / SA-H05-U01 / SA-H05-U02 / SA-H05-U03 / SA-R05-01,1.4,5.802,55.411,25,150,30,266.212,136.007,396.417,Preliminary allowance model; terminal / fitting / selected equipment losses and PAU connection paths pending
SD-05-02,SA,05,155.54000000000002,R-SA-M01 / R-SA-M02 / R-SA-M03 / R-SA-05-06 / RS-SA05 / SA-B05 / SA-H05-U01 / SA-H05-U02 / SA-H05-U03 / SA-R05-02,1.4,5.728,55.411,25,150,30,266.138,135.933,396.344,Preliminary allowance model; terminal / fitting / selected equipment losses and PAU connection paths pending
SD-05-03,SA,05,155.54000000000002,R-SA-M01 / R-SA-M02 / R-SA-M03 / R-SA-05-06 / RS-SA05 / SA-B05 / SA-H05-U01 / SA-H05-U02 / SA-R05-03,1.4,5.827,55.147,25,150,30,265.974,135.9,396.048,Preliminary allowance model; terminal / fitting / selected equipment losses and PAU connection paths pending
SD-05-04,SA,05,155.54000000000002,R-SA-M01 / R-SA-M02 / R-SA-M03 / R-SA-05-06 / RS-SA05 / SA-B05 / SA-H05-U01 / SA-R05-04,1.4,5.347,54.555,25,150,30,264.901,135.124,394.679,Preliminary allowance model; terminal / fitting / selected equipment losses and PAU connection paths pending
SD-05-05,SA,05,155.54000000000002,R-SA-M01 / R-SA-M02 / R-SA-M03 / R-SA-05-06 / RS-SA05 / SA-B05 / SA-H05-U01 / SA-R05-05,1.4,5.273,54.555,25,150,30,264.828,135.05,394.605,Preliminary allowance model; terminal / fitting / selected equipment losses and PAU connection paths pending
RG-05-01,RA,05,143.6726779207214,R-RA-M01 / R-RA-M02 / R-RA-M03 / R-RA-M04 / R-RA-M05 / R-RA-M06 / R-RA-05A / RS-RA05 / RA-B05 / RA-H05-E01 / RA-H05-U01 / RA-H05-U02 / RA-H05-U03 / RA-H05-N01 / RA-H05-L01 / RA-R05-01,2.15,3.896,27.488,0,0,30,61.384,32.64,90.127,Preliminary allowance model; terminal / fitting / selected equipment losses and PAU connection paths pending
RG-05-02,RA,05,143.6726779207214,R-RA-M01 / R-RA-M02 / R-RA-M03 / R-RA-M04 / R-RA-M05 / R-RA-M06 / R-RA-05A / RS-RA05 / RA-B05 / RA-H05-E01 / RA-H05-U01 / RA-H05-U02 / RA-R05-02,2.15,3.637,26.729,0,0,30,60.366,32.002,88.731,Preliminary allowance model; terminal / fitting / selected equipment losses and PAU connection paths pending
RG-05-03,RA,05,143.6726779207214,R-RA-M01 / R-RA-M02 / R-RA-M03 / R-RA-M04 / R-RA-M05 / R-RA-M06 / R-RA-05A / RS-RA05 / RA-B05 / RA-H05-E01 / RA-H05-U01 / RA-H05-U02 / RA-H05-U03 / RA-H05-N01 / RA-H05-L01 / RA-H05-D01 / RA-R05-03,2.15,3.931,26.28,0,0,30,60.211,32.071,88.351,Preliminary allowance model; terminal / fitting / selected equipment losses and PAU connection paths pending
RG-05-04,RA,05,143.6726779207214,R-RA-M01 / R-RA-M02 / R-RA-M03 / R-RA-M04 / R-RA-M05 / R-RA-M06 / R-RA-05A / RS-RA05 / RA-B05 / RA-H05-E01 / RA-H05-U01 / RA-R05-04,2.15,3.261,26.445,0,0,30,59.706,31.484,87.929,Preliminary allowance model; terminal / fitting / selected equipment losses and PAU connection paths pending
RG-05-05,RA,05,143.6726779207214,R-RA-M01 / R-RA-M02 / R-RA-M03 / R-RA-M04 / R-RA-M05 / R-RA-M06 / R-RA-05A / RS-RA05 / RA-B05 / RA-H05-E01 / RA-R05-05,2.15,3.947,25.94,0,0,30,59.887,31.917,87.857,Preliminary allowance model; terminal / fitting / selected equipment losses and PAU connection paths pending
SD-06-01,SA,06,139.4,R-SA-M01 / R-SA-M02 / R-SA-M03 / R-SA-05-06 / R-SA-06A / RS-SA06 / SA-B06 / SA-H06-D01 / SA-R06-01,1.4,5.939,40.843,25,150,30,251.782,128.861,374.704,Preliminary allowance model; terminal / fitting / selected equipment losses and PAU connection paths pending
SD-06-02,SA,06,139.4,R-SA-M01 / R-SA-M02 / R-SA-M03 / R-SA-05-06 / R-SA-06A / RS-SA06 / SA-B06 / SA-H06-E01 / SA-R06-02,1.4,5.962,43.929,25,150,30,254.892,130.427,379.356,Preliminary allowance model; terminal / fitting / selected equipment losses and PAU connection paths pending
SD-06-03,SA,06,139.4,R-SA-M01 / R-SA-M02 / R-SA-M03 / R-SA-05-06 / R-SA-06A / RS-SA06 / SA-B06 / SA-H06-E01 / SA-H06-E02 / SA-R06-03,1.4,6.124,42.891,25,150,30,254.014,130.069,377.959,Preliminary allowance model; terminal / fitting / selected equipment losses and PAU connection paths pending
RG-06-01,RA,06,89.71584740090175,R-RA-M01 / R-RA-M02 / R-RA-M03 / R-RA-M04 / R-RA-06A / RS-RA06 / RA-B06 / RA-H06-L02 / RA-H06-L01 / RA-R06-01,2.15,2.426,15.093,0,0,30,47.519,24.973,70.065,Preliminary allowance model; terminal / fitting / selected equipment losses and PAU connection paths pending
RG-06-02,RA,06,89.71584740090175,R-RA-M01 / R-RA-M02 / R-RA-M03 / R-RA-M04 / R-RA-06A / RS-RA06 / RA-B06 / RA-H06-L02 / RA-R06-02,2.15,2.385,15.552,0,0,30,47.937,25.161,70.713,Preliminary allowance model; terminal / fitting / selected equipment losses and PAU connection paths pending
RG-06-03,RA,06,89.71584740090175,R-RA-M01 / R-RA-M02 / R-RA-M03 / R-RA-M04 / R-RA-06A / RS-RA06 / RA-B06 / RA-H06-D01 / RA-R06-03,2.15,2.501,15.552,0,0,30,48.052,25.277,70.828,Preliminary allowance model; terminal / fitting / selected equipment losses and PAU connection paths pending
RG-06-04,RA,06,89.71584740090175,R-RA-M01 / R-RA-M02 / R-RA-M03 / R-RA-M04 / R-RA-06A / RS-RA06 / RA-B06 / RA-H06-D01 / RA-H06-E01 / RA-R06-04,2.15,2.509,15.093,0,0,30,47.602,25.056,70.148,Preliminary allowance model; terminal / fitting / selected equipment losses and PAU connection paths pending
SD-09-01,SA,09,23.1,R-SA-M01 / R-SA-M02 / R-SA-M03 / R-SA-M04 / R-SA-09A / RS-SA09 / SA-B09 / SA-H09-D01 / SA-R09-01,1.4,4.364,10.688,0,150,30,195.052,99.708,290.396,Preliminary allowance model; terminal / fitting / selected equipment losses and PAU connection paths pending
SD-09-02,SA,09,23.1,R-SA-M01 / R-SA-M02 / R-SA-M03 / R-SA-M04 / R-SA-09A / RS-SA09 / SA-B09 / SA-H09-D01 / SA-H09-D02 / SA-R09-02,1.4,4.486,10.247,0,150,30,194.733,99.609,289.856,Preliminary allowance model; terminal / fitting / selected equipment losses and PAU connection paths pending
SD-07-01,SA,07,168.2,R-SA-M01 / R-SA-M02 / R-SA-M03 / R-SA-M04 / R-SA-M05 / R-SA-07A / RS-SA07 / SA-B07 / SA-H07-D01 / SA-R07-01,1.4,5.984,22.214,25,150,30,233.198,119.591,346.805,Preliminary allowance model; terminal / fitting / selected equipment losses and PAU connection paths pending
RG-07-01,RA,07,108.863389603607,R-RA-M01 / R-RA-M02 / R-RA-M03 / R-RA-M04 / R-RA-M05 / R-RA-07A / RS-RA07 / RA-B07 / RA-H07-D01 / RA-R07-01,2.15,3.029,9.869,0,0,30,42.898,22.964,62.833,Preliminary allowance model; terminal / fitting / selected equipment losses and PAU connection paths pending
SD-03-01,SA,03,147.6,R-SA-M01 / R-SA-M02 / R-SA-M03 / R-SA-M04 / R-SA-M05 / R-SA-M06 / R-SA-03A / RS-SA03 / SA-B03 / SA-H03-D01 / SA-R03-01,1.4,6.568,24.296,25,150,30,235.864,121.216,350.513,Preliminary allowance model; terminal / fitting / selected equipment losses and PAU connection paths pending
SD-01-01,SA,01,141.3,R-SA-M01 / R-SA-M02 / R-SA-M03 / R-SA-M04 / R-SA-M05 / R-SA-M06 / R-SA-M07 / R-SA-01A / R-SA-01B / RS-SA01 / SA-B01 / SA-H01-D01 / SA-R01-01,1.4,8.398,22.93,0,150,30,211.328,109.863,312.793,Preliminary allowance model; terminal / fitting / selected equipment losses and PAU connection paths pending
EG-09-01,EA,09,32.44444444444444,EA-B09 / EA-R09-01,0,1.01,2.528,0,0,30,33.538,17.274,49.801,Preliminary allowance model; terminal / fitting / selected equipment losses and PAU connection paths pending
EG-09-02,EA,09,32.44444444444444,EA-B09 / EA-R09-02,0,1.682,1.921,0,0,30,33.603,17.642,49.563,Preliminary allowance model; terminal / fitting / selected equipment losses and PAU connection paths pending
EG-03-01,EA,03,147.6,EA-B03,0,0.667,0.0,0,0,30,30.667,15.667,45.667,Preliminary allowance model; terminal / fitting / selected equipment losses and PAU connection paths pending
