tag,route,x_mm,y_mm,maximum_spacing_mm,type,load_kg,status
SUP-R-SA-M01-01,R-SA-M01,2300,19000,1500,Proposed adjustable nonpenetrating frame; support at fitting subject to shop detail,TBC - duct gauge / insulation / frame / wind loads,No roof anchor / ballast / structural selection
SUP-R-SA-M01-02,R-SA-M01,3600,19000,1500,Proposed adjustable nonpenetrating frame; support at fitting subject to shop detail,TBC - duct gauge / insulation / frame / wind loads,No roof anchor / ballast / structural selection
SUP-R-SA-02-04-01,R-SA-02-04,3600,19000,1500,Proposed adjustable nonpenetrating frame; support at fitting subject to shop detail,TBC - duct gauge / insulation / frame / wind loads,No roof anchor / ballast / structural selection
SUP-R-SA-02-04-02,R-SA-02-04,3600,17800,1500,Proposed adjustable nonpenetrating frame; support at fitting subject to shop detail,TBC - duct gauge / insulation / frame / wind loads,No roof anchor / ballast / structural selection
SUP-R-SA-02-04-03,R-SA-02-04,3600,16600,1500,Proposed adjustable nonpenetrating frame; support at fitting subject to shop detail,TBC - duct gauge / insulation / frame / wind loads,No roof anchor / ballast / structural selection
SUP-R-SA-04A-01,R-SA-04A,3600,16600,1500,Proposed adjustable nonpenetrating frame; support at fitting subject to shop detail,TBC - duct gauge / insulation / frame / wind loads,No roof anchor / ballast / structural selection
SUP-R-SA-04A-02,R-SA-04A,3600,15157,1500,Proposed adjustable nonpenetrating frame; support at fitting subject to shop detail,TBC - duct gauge / insulation / frame / wind loads,No roof anchor / ballast / structural selection
SUP-R-SA-04A-03,R-SA-04A,3600,13714,1500,Proposed adjustable nonpenetrating frame; support at fitting subject to shop detail,TBC - duct gauge / insulation / frame / wind loads,No roof anchor / ballast / structural selection
SUP-R-SA-04A-04,R-SA-04A,3600,12271,1500,Proposed adjustable nonpenetrating frame; support at fitting subject to shop detail,TBC - duct gauge / insulation / frame / wind loads,No roof anchor / ballast / structural selection
SUP-R-SA-04A-05,R-SA-04A,3600,10829,1500,Proposed adjustable nonpenetrating frame; support at fitting subject to shop detail,TBC - duct gauge / insulation / frame / wind loads,No roof anchor / ballast / structural selection
SUP-R-SA-04A-06,R-SA-04A,3600,9386,1500,Proposed adjustable nonpenetrating frame; support at fitting subject to shop detail,TBC - duct gauge / insulation / frame / wind loads,No roof anchor / ballast / structural selection
SUP-R-SA-04A-07,R-SA-04A,3600,7943,1500,Proposed adjustable nonpenetrating frame; support at fitting subject to shop detail,TBC - duct gauge / insulation / frame / wind loads,No roof anchor / ballast / structural selection
SUP-R-SA-04A-08,R-SA-04A,3600,6500,1500,Proposed adjustable nonpenetrating frame; support at fitting subject to shop detail,TBC - duct gauge / insulation / frame / wind loads,No roof anchor / ballast / structural selection
SUP-R-SA-04B-01,R-SA-04B,3600,6500,1500,Proposed adjustable nonpenetrating frame; support at fitting subject to shop detail,TBC - duct gauge / insulation / frame / wind loads,No roof anchor / ballast / structural selection
SUP-R-SA-04B-02,R-SA-04B,4200,6500,1500,Proposed adjustable nonpenetrating frame; support at fitting subject to shop detail,TBC - duct gauge / insulation / frame / wind loads,No roof anchor / ballast / structural selection
SUP-R-SA-M02-01,R-SA-M02,3600,19000,1500,Proposed adjustable nonpenetrating frame; support at fitting subject to shop detail,TBC - duct gauge / insulation / frame / wind loads,No roof anchor / ballast / structural selection
SUP-R-SA-M02-02,R-SA-M02,4750,19000,1500,Proposed adjustable nonpenetrating frame; support at fitting subject to shop detail,TBC - duct gauge / insulation / frame / wind loads,No roof anchor / ballast / structural selection
SUP-R-SA-M02-03,R-SA-M02,5900,19000,1500,Proposed adjustable nonpenetrating frame; support at fitting subject to shop detail,TBC - duct gauge / insulation / frame / wind loads,No roof anchor / ballast / structural selection
SUP-R-SA-M02-04,R-SA-M02,7050,19000,1500,Proposed adjustable nonpenetrating frame; support at fitting subject to shop detail,TBC - duct gauge / insulation / frame / wind loads,No roof anchor / ballast / structural selection
SUP-R-SA-M02-05,R-SA-M02,8200,19000,1500,Proposed adjustable nonpenetrating frame; support at fitting subject to shop detail,TBC - duct gauge / insulation / frame / wind loads,No roof anchor / ballast / structural selection
SUP-R-SA-08A-01,R-SA-08A,8200,19000,1500,Proposed adjustable nonpenetrating frame; support at fitting subject to shop detail,TBC - duct gauge / insulation / frame / wind loads,No roof anchor / ballast / structural selection
SUP-R-SA-08A-02,R-SA-08A,8200,17511,1500,Proposed adjustable nonpenetrating frame; support at fitting subject to shop detail,TBC - duct gauge / insulation / frame / wind loads,No roof anchor / ballast / structural selection
SUP-R-SA-08A-03,R-SA-08A,8200,16022,1500,Proposed adjustable nonpenetrating frame; support at fitting subject to shop detail,TBC - duct gauge / insulation / frame / wind loads,No roof anchor / ballast / structural selection
SUP-R-SA-08A-04,R-SA-08A,8200,14533,1500,Proposed adjustable nonpenetrating frame; support at fitting subject to shop detail,TBC - duct gauge / insulation / frame / wind loads,No roof anchor / ballast / structural selection
SUP-R-SA-08A-05,R-SA-08A,8200,13044,1500,Proposed adjustable nonpenetrating frame; support at fitting subject to shop detail,TBC - duct gauge / insulation / frame / wind loads,No roof anchor / ballast / structural selection
SUP-R-SA-08A-06,R-SA-08A,8200,11556,1500,Proposed adjustable nonpenetrating frame; support at fitting subject to shop detail,TBC - duct gauge / insulation / frame / wind loads,No roof anchor / ballast / structural selection
SUP-R-SA-08A-07,R-SA-08A,8200,10067,1500,Proposed adjustable nonpenetrating frame; support at fitting subject to shop detail,TBC - duct gauge / insulation / frame / wind loads,No roof anchor / ballast / structural selection
SUP-R-SA-08A-08,R-SA-08A,8200,8578,1500,Proposed adjustable nonpenetrating frame; support at fitting subject to shop detail,TBC - duct gauge / insulation / frame / wind loads,No roof anchor / ballast / structural selection
SUP-R-SA-08A-09,R-SA-08A,8200,7089,1500,Proposed adjustable nonpenetrating frame; support at fitting subject to shop detail,TBC - duct gauge / insulation / frame / wind loads,No roof anchor / ballast / structural selection
SUP-R-SA-08A-10,R-SA-08A,8200,5600,1500,Proposed adjustable nonpenetrating frame; support at fitting subject to shop detail,TBC - duct gauge / insulation / frame / wind loads,No roof anchor / ballast / structural selection
SUP-R-SA-08B-01,R-SA-08B,8200,5600,1500,Proposed adjustable nonpenetrating frame; support at fitting subject to shop detail,TBC - duct gauge / insulation / frame / wind loads,No roof anchor / ballast / structural selection
SUP-R-SA-08B-02,R-SA-08B,9000,5600,1500,Proposed adjustable nonpenetrating frame; support at fitting subject to shop detail,TBC - duct gauge / insulation / frame / wind loads,No roof anchor / ballast / structural selection
SUP-R-SA-08B-03,R-SA-08B,9800,5600,1500,Proposed adjustable nonpenetrating frame; support at fitting subject to shop detail,TBC - duct gauge / insulation / frame / wind loads,No roof anchor / ballast / structural selection
SUP-R-SA-M03-01,R-SA-M03,8200,19000,1500,Proposed adjustable nonpenetrating frame; support at fitting subject to shop detail,TBC - duct gauge / insulation / frame / wind loads,No roof anchor / ballast / structural selection
SUP-R-SA-M03-02,R-SA-M03,9633,19000,1500,Proposed adjustable nonpenetrating frame; support at fitting subject to shop detail,TBC - duct gauge / insulation / frame / wind loads,No roof anchor / ballast / structural selection
SUP-R-SA-M03-03,R-SA-M03,11067,19000,1500,Proposed adjustable nonpenetrating frame; support at fitting subject to shop detail,TBC - duct gauge / insulation / frame / wind loads,No roof anchor / ballast / structural selection
SUP-R-SA-M03-04,R-SA-M03,12500,19000,1500,Proposed adjustable nonpenetrating frame; support at fitting subject to shop detail,TBC - duct gauge / insulation / frame / wind loads,No roof anchor / ballast / structural selection
SUP-R-SA-05-06-01,R-SA-05-06,12500,19000,1500,Proposed adjustable nonpenetrating frame; support at fitting subject to shop detail,TBC - duct gauge / insulation / frame / wind loads,No roof anchor / ballast / structural selection
SUP-R-SA-05-06-02,R-SA-05-06,12500,17760,1500,Proposed adjustable nonpenetrating frame; support at fitting subject to shop detail,TBC - duct gauge / insulation / frame / wind loads,No roof anchor / ballast / structural selection
SUP-R-SA-05-06-03,R-SA-05-06,12500,16520,1500,Proposed adjustable nonpenetrating frame; support at fitting subject to shop detail,TBC - duct gauge / insulation / frame / wind loads,No roof anchor / ballast / structural selection
SUP-R-SA-05-06-04,R-SA-05-06,12500,15280,1500,Proposed adjustable nonpenetrating frame; support at fitting subject to shop detail,TBC - duct gauge / insulation / frame / wind loads,No roof anchor / ballast / structural selection
SUP-R-SA-05-06-05,R-SA-05-06,12500,14040,1500,Proposed adjustable nonpenetrating frame; support at fitting subject to shop detail,TBC - duct gauge / insulation / frame / wind loads,No roof anchor / ballast / structural selection
SUP-R-SA-05-06-06,R-SA-05-06,12500,12800,1500,Proposed adjustable nonpenetrating frame; support at fitting subject to shop detail,TBC - duct gauge / insulation / frame / wind loads,No roof anchor / ballast / structural selection
SUP-R-SA-06A-01,R-SA-06A,12500,12800,1500,Proposed adjustable nonpenetrating frame; support at fitting subject to shop detail,TBC - duct gauge / insulation / frame / wind loads,No roof anchor / ballast / structural selection
SUP-R-SA-06A-02,R-SA-06A,12500,11692,1500,Proposed adjustable nonpenetrating frame; support at fitting subject to shop detail,TBC - duct gauge / insulation / frame / wind loads,No roof anchor / ballast / structural selection
SUP-R-SA-06A-03,R-SA-06A,12500,10583,1500,Proposed adjustable nonpenetrating frame; support at fitting subject to shop detail,TBC - duct gauge / insulation / frame / wind loads,No roof anchor / ballast / structural selection
SUP-R-SA-06A-04,R-SA-06A,12500,9475,1500,Proposed adjustable nonpenetrating frame; support at fitting subject to shop detail,TBC - duct gauge / insulation / frame / wind loads,No roof anchor / ballast / structural selection
SUP-R-SA-M04-01,R-SA-M04,12500,19000,1500,Proposed adjustable nonpenetrating frame; support at fitting subject to shop detail,TBC - duct gauge / insulation / frame / wind loads,No roof anchor / ballast / structural selection
SUP-R-SA-M04-02,R-SA-M04,13400,19000,1500,Proposed adjustable nonpenetrating frame; support at fitting subject to shop detail,TBC - duct gauge / insulation / frame / wind loads,No roof anchor / ballast / structural selection
SUP-R-SA-09A-01,R-SA-09A,13400,19000,1500,Proposed adjustable nonpenetrating frame; support at fitting subject to shop detail,TBC - duct gauge / insulation / frame / wind loads,No roof anchor / ballast / structural selection
SUP-R-SA-09A-02,R-SA-09A,13400,17650,1500,Proposed adjustable nonpenetrating frame; support at fitting subject to shop detail,TBC - duct gauge / insulation / frame / wind loads,No roof anchor / ballast / structural selection
SUP-R-SA-09A-03,R-SA-09A,13400,16300,1500,Proposed adjustable nonpenetrating frame; support at fitting subject to shop detail,TBC - duct gauge / insulation / frame / wind loads,No roof anchor / ballast / structural selection
SUP-R-SA-09A-04,R-SA-09A,13400,14950,1500,Proposed adjustable nonpenetrating frame; support at fitting subject to shop detail,TBC - duct gauge / insulation / frame / wind loads,No roof anchor / ballast / structural selection
SUP-R-SA-09A-05,R-SA-09A,13400,13600,1500,Proposed adjustable nonpenetrating frame; support at fitting subject to shop detail,TBC - duct gauge / insulation / frame / wind loads,No roof anchor / ballast / structural selection
SUP-R-SA-09A-06,R-SA-09A,13400,12250,1500,Proposed adjustable nonpenetrating frame; support at fitting subject to shop detail,TBC - duct gauge / insulation / frame / wind loads,No roof anchor / ballast / structural selection
SUP-R-SA-09A-07,R-SA-09A,13400,10900,1500,Proposed adjustable nonpenetrating frame; support at fitting subject to shop detail,TBC - duct gauge / insulation / frame / wind loads,No roof anchor / ballast / structural selection
SUP-R-SA-09A-08,R-SA-09A,13400,9550,1500,Proposed adjustable nonpenetrating frame; support at fitting subject to shop detail,TBC - duct gauge / insulation / frame / wind loads,No roof anchor / ballast / structural selection
SUP-R-SA-09A-09,R-SA-09A,13400,8200,1500,Proposed adjustable nonpenetrating frame; support at fitting subject to shop detail,TBC - duct gauge / insulation / frame / wind loads,No roof anchor / ballast / structural selection
SUP-R-SA-M05-01,R-SA-M05,13400,19000,1500,Proposed adjustable nonpenetrating frame; support at fitting subject to shop detail,TBC - duct gauge / insulation / frame / wind loads,No roof anchor / ballast / structural selection
SUP-R-SA-M05-02,R-SA-M05,14450,19000,1500,Proposed adjustable nonpenetrating frame; support at fitting subject to shop detail,TBC - duct gauge / insulation / frame / wind loads,No roof anchor / ballast / structural selection
SUP-R-SA-M05-03,R-SA-M05,15500,19000,1500,Proposed adjustable nonpenetrating frame; support at fitting subject to shop detail,TBC - duct gauge / insulation / frame / wind loads,No roof anchor / ballast / structural selection
SUP-R-SA-07A-01,R-SA-07A,15500,19000,1500,Proposed adjustable nonpenetrating frame; support at fitting subject to shop detail,TBC - duct gauge / insulation / frame / wind loads,No roof anchor / ballast / structural selection
SUP-R-SA-07A-02,R-SA-07A,15500,17600,1500,Proposed adjustable nonpenetrating frame; support at fitting subject to shop detail,TBC - duct gauge / insulation / frame / wind loads,No roof anchor / ballast / structural selection
SUP-R-SA-07A-03,R-SA-07A,15500,16200,1500,Proposed adjustable nonpenetrating frame; support at fitting subject to shop detail,TBC - duct gauge / insulation / frame / wind loads,No roof anchor / ballast / structural selection
SUP-R-SA-07A-04,R-SA-07A,15500,14800,1500,Proposed adjustable nonpenetrating frame; support at fitting subject to shop detail,TBC - duct gauge / insulation / frame / wind loads,No roof anchor / ballast / structural selection
SUP-R-SA-07A-05,R-SA-07A,15500,13400,1500,Proposed adjustable nonpenetrating frame; support at fitting subject to shop detail,TBC - duct gauge / insulation / frame / wind loads,No roof anchor / ballast / structural selection
SUP-R-SA-07A-06,R-SA-07A,15500,12000,1500,Proposed adjustable nonpenetrating frame; support at fitting subject to shop detail,TBC - duct gauge / insulation / frame / wind loads,No roof anchor / ballast / structural selection
SUP-R-SA-07A-07,R-SA-07A,15500,10600,1500,Proposed adjustable nonpenetrating frame; support at fitting subject to shop detail,TBC - duct gauge / insulation / frame / wind loads,No roof anchor / ballast / structural selection
SUP-R-SA-07A-08,R-SA-07A,15500,9200,1500,Proposed adjustable nonpenetrating frame; support at fitting subject to shop detail,TBC - duct gauge / insulation / frame / wind loads,No roof anchor / ballast / structural selection
SUP-R-SA-07A-09,R-SA-07A,15500,7800,1500,Proposed adjustable nonpenetrating frame; support at fitting subject to shop detail,TBC - duct gauge / insulation / frame / wind loads,No roof anchor / ballast / structural selection
SUP-R-SA-07A-10,R-SA-07A,15500,6400,1500,Proposed adjustable nonpenetrating frame; support at fitting subject to shop detail,TBC - duct gauge / insulation / frame / wind loads,No roof anchor / ballast / structural selection
SUP-R-SA-07A-11,R-SA-07A,15500,5000,1500,Proposed adjustable nonpenetrating frame; support at fitting subject to shop detail,TBC - duct gauge / insulation / frame / wind loads,No roof anchor / ballast / structural selection
SUP-R-SA-M06-01,R-SA-M06,15500,19000,1500,Proposed adjustable nonpenetrating frame; support at fitting subject to shop detail,TBC - duct gauge / insulation / frame / wind loads,No roof anchor / ballast / structural selection
SUP-R-SA-M06-02,R-SA-M06,17000,19000,1500,Proposed adjustable nonpenetrating frame; support at fitting subject to shop detail,TBC - duct gauge / insulation / frame / wind loads,No roof anchor / ballast / structural selection
SUP-R-SA-03A-01,R-SA-03A,17000,19000,1500,Proposed adjustable nonpenetrating frame; support at fitting subject to shop detail,TBC - duct gauge / insulation / frame / wind loads,No roof anchor / ballast / structural selection
SUP-R-SA-03A-02,R-SA-03A,17000,17500,1500,Proposed adjustable nonpenetrating frame; support at fitting subject to shop detail,TBC - duct gauge / insulation / frame / wind loads,No roof anchor / ballast / structural selection
SUP-R-SA-03A-03,R-SA-03A,17000,16000,1500,Proposed adjustable nonpenetrating frame; support at fitting subject to shop detail,TBC - duct gauge / insulation / frame / wind loads,No roof anchor / ballast / structural selection
SUP-R-SA-03A-04,R-SA-03A,17000,14500,1500,Proposed adjustable nonpenetrating frame; support at fitting subject to shop detail,TBC - duct gauge / insulation / frame / wind loads,No roof anchor / ballast / structural selection
SUP-R-SA-03A-05,R-SA-03A,17000,13000,1500,Proposed adjustable nonpenetrating frame; support at fitting subject to shop detail,TBC - duct gauge / insulation / frame / wind loads,No roof anchor / ballast / structural selection
SUP-R-SA-03A-06,R-SA-03A,17000,11500,1500,Proposed adjustable nonpenetrating frame; support at fitting subject to shop detail,TBC - duct gauge / insulation / frame / wind loads,No roof anchor / ballast / structural selection
SUP-R-SA-03A-07,R-SA-03A,17000,10000,1500,Proposed adjustable nonpenetrating frame; support at fitting subject to shop detail,TBC - duct gauge / insulation / frame / wind loads,No roof anchor / ballast / structural selection
SUP-R-SA-03A-08,R-SA-03A,17000,8500,1500,Proposed adjustable nonpenetrating frame; support at fitting subject to shop detail,TBC - duct gauge / insulation / frame / wind loads,No roof anchor / ballast / structural selection
SUP-R-SA-03A-09,R-SA-03A,17000,7000,1500,Proposed adjustable nonpenetrating frame; support at fitting subject to shop detail,TBC - duct gauge / insulation / frame / wind loads,No roof anchor / ballast / structural selection
SUP-R-SA-M07-01,R-SA-M07,17000,19000,1500,Proposed adjustable nonpenetrating frame; support at fitting subject to shop detail,TBC - duct gauge / insulation / frame / wind loads,No roof anchor / ballast / structural selection
SUP-R-SA-M07-02,R-SA-M07,18100,19000,1500,Proposed adjustable nonpenetrating frame; support at fitting subject to shop detail,TBC - duct gauge / insulation / frame / wind loads,No roof anchor / ballast / structural selection
SUP-R-SA-01A-01,R-SA-01A,18100,19000,1500,Proposed adjustable nonpenetrating frame; support at fitting subject to shop detail,TBC - duct gauge / insulation / frame / wind loads,No roof anchor / ballast / structural selection
SUP-R-SA-01A-02,R-SA-01A,18100,17591,1500,Proposed adjustable nonpenetrating frame; support at fitting subject to shop detail,TBC - duct gauge / insulation / frame / wind loads,No roof anchor / ballast / structural selection
SUP-R-SA-01A-03,R-SA-01A,18100,16182,1500,Proposed adjustable nonpenetrating frame; support at fitting subject to shop detail,TBC - duct gauge / insulation / frame / wind loads,No roof anchor / ballast / structural selection
SUP-R-SA-01A-04,R-SA-01A,18100,14773,1500,Proposed adjustable nonpenetrating frame; support at fitting subject to shop detail,TBC - duct gauge / insulation / frame / wind loads,No roof anchor / ballast / structural selection
SUP-R-SA-01A-05,R-SA-01A,18100,13364,1500,Proposed adjustable nonpenetrating frame; support at fitting subject to shop detail,TBC - duct gauge / insulation / frame / wind loads,No roof anchor / ballast / structural selection
SUP-R-SA-01A-06,R-SA-01A,18100,11955,1500,Proposed adjustable nonpenetrating frame; support at fitting subject to shop detail,TBC - duct gauge / insulation / frame / wind loads,No roof anchor / ballast / structural selection
SUP-R-SA-01A-07,R-SA-01A,18100,10545,1500,Proposed adjustable nonpenetrating frame; support at fitting subject to shop detail,TBC - duct gauge / insulation / frame / wind loads,No roof anchor / ballast / structural selection
SUP-R-SA-01A-08,R-SA-01A,18100,9136,1500,Proposed adjustable nonpenetrating frame; support at fitting subject to shop detail,TBC - duct gauge / insulation / frame / wind loads,No roof anchor / ballast / structural selection
SUP-R-SA-01A-09,R-SA-01A,18100,7727,1500,Proposed adjustable nonpenetrating frame; support at fitting subject to shop detail,TBC - duct gauge / insulation / frame / wind loads,No roof anchor / ballast / structural selection
SUP-R-SA-01A-10,R-SA-01A,18100,6318,1500,Proposed adjustable nonpenetrating frame; support at fitting subject to shop detail,TBC - duct gauge / insulation / frame / wind loads,No roof anchor / ballast / structural selection
SUP-R-SA-01A-11,R-SA-01A,18100,4909,1500,Proposed adjustable nonpenetrating frame; support at fitting subject to shop detail,TBC - duct gauge / insulation / frame / wind loads,No roof anchor / ballast / structural selection
SUP-R-SA-01A-12,R-SA-01A,18100,3500,1500,Proposed adjustable nonpenetrating frame; support at fitting subject to shop detail,TBC - duct gauge / insulation / frame / wind loads,No roof anchor / ballast / structural selection
SUP-R-SA-01B-01,R-SA-01B,18100,3500,1500,Proposed adjustable nonpenetrating frame; support at fitting subject to shop detail,TBC - duct gauge / insulation / frame / wind loads,No roof anchor / ballast / structural selection
SUP-R-SA-01B-02,R-SA-01B,19400,3500,1500,Proposed adjustable nonpenetrating frame; support at fitting subject to shop detail,TBC - duct gauge / insulation / frame / wind loads,No roof anchor / ballast / structural selection
SUP-R-RA-M01-01,R-RA-M01,2700,17000,1500,Proposed adjustable nonpenetrating frame; support at fitting subject to shop detail,TBC - duct gauge / insulation / frame / wind loads,No roof anchor / ballast / structural selection
SUP-R-RA-M01-02,R-RA-M01,3750,17000,1500,Proposed adjustable nonpenetrating frame; support at fitting subject to shop detail,TBC - duct gauge / insulation / frame / wind loads,No roof anchor / ballast / structural selection
SUP-R-RA-M01-03,R-RA-M01,4800,17000,1500,Proposed adjustable nonpenetrating frame; support at fitting subject to shop detail,TBC - duct gauge / insulation / frame / wind loads,No roof anchor / ballast / structural selection
SUP-R-RA-04A-01,R-RA-04A,4800,17000,1500,Proposed adjustable nonpenetrating frame; support at fitting subject to shop detail,TBC - duct gauge / insulation / frame / wind loads,No roof anchor / ballast / structural selection
SUP-R-RA-04A-02,R-RA-04A,4800,15542,1500,Proposed adjustable nonpenetrating frame; support at fitting subject to shop detail,TBC - duct gauge / insulation / frame / wind loads,No roof anchor / ballast / structural selection
SUP-R-RA-04A-03,R-RA-04A,4800,14083,1500,Proposed adjustable nonpenetrating frame; support at fitting subject to shop detail,TBC - duct gauge / insulation / frame / wind loads,No roof anchor / ballast / structural selection
SUP-R-RA-04A-04,R-RA-04A,4800,12625,1500,Proposed adjustable nonpenetrating frame; support at fitting subject to shop detail,TBC - duct gauge / insulation / frame / wind loads,No roof anchor / ballast / structural selection
SUP-R-RA-04A-05,R-RA-04A,4800,11167,1500,Proposed adjustable nonpenetrating frame; support at fitting subject to shop detail,TBC - duct gauge / insulation / frame / wind loads,No roof anchor / ballast / structural selection
SUP-R-RA-04A-06,R-RA-04A,4800,9708,1500,Proposed adjustable nonpenetrating frame; support at fitting subject to shop detail,TBC - duct gauge / insulation / frame / wind loads,No roof anchor / ballast / structural selection
SUP-R-RA-04A-07,R-RA-04A,4800,8250,1500,Proposed adjustable nonpenetrating frame; support at fitting subject to shop detail,TBC - duct gauge / insulation / frame / wind loads,No roof anchor / ballast / structural selection
SUP-R-RA-M02-01,R-RA-M02,4800,17000,1500,Proposed adjustable nonpenetrating frame; support at fitting subject to shop detail,TBC - duct gauge / insulation / frame / wind loads,No roof anchor / ballast / structural selection
SUP-R-RA-M02-02,R-RA-M02,6000,17000,1500,Proposed adjustable nonpenetrating frame; support at fitting subject to shop detail,TBC - duct gauge / insulation / frame / wind loads,No roof anchor / ballast / structural selection
SUP-R-RA-02A-01,R-RA-02A,6000,17000,1500,Proposed adjustable nonpenetrating frame; support at fitting subject to shop detail,TBC - duct gauge / insulation / frame / wind loads,No roof anchor / ballast / structural selection
SUP-R-RA-02A-02,R-RA-02A,6000,18150,1500,Proposed adjustable nonpenetrating frame; support at fitting subject to shop detail,TBC - duct gauge / insulation / frame / wind loads,No roof anchor / ballast / structural selection
SUP-R-RA-M03-01,R-RA-M03,6000,17000,1500,Proposed adjustable nonpenetrating frame; support at fitting subject to shop detail,TBC - duct gauge / insulation / frame / wind loads,No roof anchor / ballast / structural selection
SUP-R-RA-M03-02,R-RA-M03,7133,17000,1500,Proposed adjustable nonpenetrating frame; support at fitting subject to shop detail,TBC - duct gauge / insulation / frame / wind loads,No roof anchor / ballast / structural selection
SUP-R-RA-M03-03,R-RA-M03,8267,17000,1500,Proposed adjustable nonpenetrating frame; support at fitting subject to shop detail,TBC - duct gauge / insulation / frame / wind loads,No roof anchor / ballast / structural selection
SUP-R-RA-M03-04,R-RA-M03,9400,17000,1500,Proposed adjustable nonpenetrating frame; support at fitting subject to shop detail,TBC - duct gauge / insulation / frame / wind loads,No roof anchor / ballast / structural selection
SUP-R-RA-08A-01,R-RA-08A,9400,17000,1500,Proposed adjustable nonpenetrating frame; support at fitting subject to shop detail,TBC - duct gauge / insulation / frame / wind loads,No roof anchor / ballast / structural selection
SUP-R-RA-08A-02,R-RA-08A,9400,15575,1500,Proposed adjustable nonpenetrating frame; support at fitting subject to shop detail,TBC - duct gauge / insulation / frame / wind loads,No roof anchor / ballast / structural selection
SUP-R-RA-08A-03,R-RA-08A,9400,14150,1500,Proposed adjustable nonpenetrating frame; support at fitting subject to shop detail,TBC - duct gauge / insulation / frame / wind loads,No roof anchor / ballast / structural selection
SUP-R-RA-08A-04,R-RA-08A,9400,12725,1500,Proposed adjustable nonpenetrating frame; support at fitting subject to shop detail,TBC - duct gauge / insulation / frame / wind loads,No roof anchor / ballast / structural selection
SUP-R-RA-08A-05,R-RA-08A,9400,11300,1500,Proposed adjustable nonpenetrating frame; support at fitting subject to shop detail,TBC - duct gauge / insulation / frame / wind loads,No roof anchor / ballast / structural selection
SUP-R-RA-08A-06,R-RA-08A,9400,9875,1500,Proposed adjustable nonpenetrating frame; support at fitting subject to shop detail,TBC - duct gauge / insulation / frame / wind loads,No roof anchor / ballast / structural selection
SUP-R-RA-08A-07,R-RA-08A,9400,8450,1500,Proposed adjustable nonpenetrating frame; support at fitting subject to shop detail,TBC - duct gauge / insulation / frame / wind loads,No roof anchor / ballast / structural selection
SUP-R-RA-M04-01,R-RA-M04,9400,17000,1500,Proposed adjustable nonpenetrating frame; support at fitting subject to shop detail,TBC - duct gauge / insulation / frame / wind loads,No roof anchor / ballast / structural selection
SUP-R-RA-M04-02,R-RA-M04,10350,17000,1500,Proposed adjustable nonpenetrating frame; support at fitting subject to shop detail,TBC - duct gauge / insulation / frame / wind loads,No roof anchor / ballast / structural selection
SUP-R-RA-M04-03,R-RA-M04,11300,17000,1500,Proposed adjustable nonpenetrating frame; support at fitting subject to shop detail,TBC - duct gauge / insulation / frame / wind loads,No roof anchor / ballast / structural selection
SUP-R-RA-06A-01,R-RA-06A,11300,17000,1500,Proposed adjustable nonpenetrating frame; support at fitting subject to shop detail,TBC - duct gauge / insulation / frame / wind loads,No roof anchor / ballast / structural selection
SUP-R-RA-06A-02,R-RA-06A,11300,15560,1500,Proposed adjustable nonpenetrating frame; support at fitting subject to shop detail,TBC - duct gauge / insulation / frame / wind loads,No roof anchor / ballast / structural selection
SUP-R-RA-06A-03,R-RA-06A,11300,14120,1500,Proposed adjustable nonpenetrating frame; support at fitting subject to shop detail,TBC - duct gauge / insulation / frame / wind loads,No roof anchor / ballast / structural selection
SUP-R-RA-06A-04,R-RA-06A,11300,12680,1500,Proposed adjustable nonpenetrating frame; support at fitting subject to shop detail,TBC - duct gauge / insulation / frame / wind loads,No roof anchor / ballast / structural selection
SUP-R-RA-06A-05,R-RA-06A,11300,11240,1500,Proposed adjustable nonpenetrating frame; support at fitting subject to shop detail,TBC - duct gauge / insulation / frame / wind loads,No roof anchor / ballast / structural selection
SUP-R-RA-06A-06,R-RA-06A,11300,9800,1500,Proposed adjustable nonpenetrating frame; support at fitting subject to shop detail,TBC - duct gauge / insulation / frame / wind loads,No roof anchor / ballast / structural selection
SUP-R-RA-M05-01,R-RA-M05,11300,17000,1500,Proposed adjustable nonpenetrating frame; support at fitting subject to shop detail,TBC - duct gauge / insulation / frame / wind loads,No roof anchor / ballast / structural selection
SUP-R-RA-M05-02,R-RA-M05,12150,17000,1500,Proposed adjustable nonpenetrating frame; support at fitting subject to shop detail,TBC - duct gauge / insulation / frame / wind loads,No roof anchor / ballast / structural selection
SUP-R-RA-M05-03,R-RA-M05,13000,17000,1500,Proposed adjustable nonpenetrating frame; support at fitting subject to shop detail,TBC - duct gauge / insulation / frame / wind loads,No roof anchor / ballast / structural selection
SUP-R-RA-07A-01,R-RA-07A,13000,17000,1500,Proposed adjustable nonpenetrating frame; support at fitting subject to shop detail,TBC - duct gauge / insulation / frame / wind loads,No roof anchor / ballast / structural selection
SUP-R-RA-07A-02,R-RA-07A,13000,15500,1500,Proposed adjustable nonpenetrating frame; support at fitting subject to shop detail,TBC - duct gauge / insulation / frame / wind loads,No roof anchor / ballast / structural selection
SUP-R-RA-07A-03,R-RA-07A,13000,14000,1500,Proposed adjustable nonpenetrating frame; support at fitting subject to shop detail,TBC - duct gauge / insulation / frame / wind loads,No roof anchor / ballast / structural selection
SUP-R-RA-07A-04,R-RA-07A,13000,12500,1500,Proposed adjustable nonpenetrating frame; support at fitting subject to shop detail,TBC - duct gauge / insulation / frame / wind loads,No roof anchor / ballast / structural selection
SUP-R-RA-07A-05,R-RA-07A,13000,11000,1500,Proposed adjustable nonpenetrating frame; support at fitting subject to shop detail,TBC - duct gauge / insulation / frame / wind loads,No roof anchor / ballast / structural selection
SUP-R-RA-07A-06,R-RA-07A,13000,9500,1500,Proposed adjustable nonpenetrating frame; support at fitting subject to shop detail,TBC - duct gauge / insulation / frame / wind loads,No roof anchor / ballast / structural selection
SUP-R-RA-07A-07,R-RA-07A,13000,8000,1500,Proposed adjustable nonpenetrating frame; support at fitting subject to shop detail,TBC - duct gauge / insulation / frame / wind loads,No roof anchor / ballast / structural selection
SUP-R-RA-07A-08,R-RA-07A,13000,6500,1500,Proposed adjustable nonpenetrating frame; support at fitting subject to shop detail,TBC - duct gauge / insulation / frame / wind loads,No roof anchor / ballast / structural selection
SUP-R-RA-07A-09,R-RA-07A,13000,5000,1500,Proposed adjustable nonpenetrating frame; support at fitting subject to shop detail,TBC - duct gauge / insulation / frame / wind loads,No roof anchor / ballast / structural selection
SUP-R-RA-M06-01,R-RA-M06,13000,17000,1500,Proposed adjustable nonpenetrating frame; support at fitting subject to shop detail,TBC - duct gauge / insulation / frame / wind loads,No roof anchor / ballast / structural selection
SUP-R-RA-M06-02,R-RA-M06,14300,17000,1500,Proposed adjustable nonpenetrating frame; support at fitting subject to shop detail,TBC - duct gauge / insulation / frame / wind loads,No roof anchor / ballast / structural selection
SUP-R-RA-M06-03,R-RA-M06,15600,17000,1500,Proposed adjustable nonpenetrating frame; support at fitting subject to shop detail,TBC - duct gauge / insulation / frame / wind loads,No roof anchor / ballast / structural selection
SUP-R-RA-M06-04,R-RA-M06,16900,17000,1500,Proposed adjustable nonpenetrating frame; support at fitting subject to shop detail,TBC - duct gauge / insulation / frame / wind loads,No roof anchor / ballast / structural selection
SUP-R-RA-M06-05,R-RA-M06,18200,17000,1500,Proposed adjustable nonpenetrating frame; support at fitting subject to shop detail,TBC - duct gauge / insulation / frame / wind loads,No roof anchor / ballast / structural selection
SUP-R-RA-M06-06,R-RA-M06,19500,17000,1500,Proposed adjustable nonpenetrating frame; support at fitting subject to shop detail,TBC - duct gauge / insulation / frame / wind loads,No roof anchor / ballast / structural selection
SUP-R-RA-05A-01,R-RA-05A,19500,17000,1500,Proposed adjustable nonpenetrating frame; support at fitting subject to shop detail,TBC - duct gauge / insulation / frame / wind loads,No roof anchor / ballast / structural selection
SUP-R-RA-05A-02,R-RA-05A,19500,15680,1500,Proposed adjustable nonpenetrating frame; support at fitting subject to shop detail,TBC - duct gauge / insulation / frame / wind loads,No roof anchor / ballast / structural selection
SUP-R-RA-05A-03,R-RA-05A,19500,14360,1500,Proposed adjustable nonpenetrating frame; support at fitting subject to shop detail,TBC - duct gauge / insulation / frame / wind loads,No roof anchor / ballast / structural selection
SUP-R-RA-05A-04,R-RA-05A,19500,13040,1500,Proposed adjustable nonpenetrating frame; support at fitting subject to shop detail,TBC - duct gauge / insulation / frame / wind loads,No roof anchor / ballast / structural selection
SUP-R-RA-05A-05,R-RA-05A,19500,11720,1500,Proposed adjustable nonpenetrating frame; support at fitting subject to shop detail,TBC - duct gauge / insulation / frame / wind loads,No roof anchor / ballast / structural selection
SUP-R-RA-05A-06,R-RA-05A,19500,10400,1500,Proposed adjustable nonpenetrating frame; support at fitting subject to shop detail,TBC - duct gauge / insulation / frame / wind loads,No roof anchor / ballast / structural selection
