tag,room,air_type,flow_l_s,neck_mm,neck_velocity_m_s,nearest_same_type_spacing_mm,indicative_half_spacing_throw_m,selection_criterion,proposed_noise_target,OEM_model,OEM_pressure_loss_pa,OEM_throw_m,OEM_NC,status
SD-02-01,02,SA,166.2,350,1.727,4400,2.2,"Check isothermal / cooling throw at 0.25 m/s terminal velocity, occupied-zone draught and ADPI with actual ceiling / room dimensions",NC <=30 meeting / bed / operator; NC <=35 other occupied rooms; owner / acoustic consultant to confirm,TBC,TBC,TBC,TBC,Duty / neck velocity verified; no catalogue performance claim
SD-02-02,02,SA,166.2,350,1.727,4400,2.2,"Check isothermal / cooling throw at 0.25 m/s terminal velocity, occupied-zone draught and ADPI with actual ceiling / room dimensions",NC <=30 meeting / bed / operator; NC <=35 other occupied rooms; owner / acoustic consultant to confirm,TBC,TBC,TBC,TBC,Duty / neck velocity verified; no catalogue performance claim
SD-02-03,02,SA,166.2,350,1.727,4400,2.2,"Check isothermal / cooling throw at 0.25 m/s terminal velocity, occupied-zone draught and ADPI with actual ceiling / room dimensions",NC <=30 meeting / bed / operator; NC <=35 other occupied rooms; owner / acoustic consultant to confirm,TBC,TBC,TBC,TBC,Duty / neck velocity verified; no catalogue performance claim
SD-02-04,02,SA,166.2,350,1.727,4400,2.2,"Check isothermal / cooling throw at 0.25 m/s terminal velocity, occupied-zone draught and ADPI with actual ceiling / room dimensions",NC <=30 meeting / bed / operator; NC <=35 other occupied rooms; owner / acoustic consultant to confirm,TBC,TBC,TBC,TBC,Duty / neck velocity verified; no catalogue performance claim
RG-02-01,02,RA,151.36584740090174,300,2.141,5100,Room coverage required,"Check isothermal / cooling throw at 0.25 m/s terminal velocity, occupied-zone draught and ADPI with actual ceiling / room dimensions",NC <=30 meeting / bed / operator; NC <=35 other occupied rooms; owner / acoustic consultant to confirm,TBC,TBC,TBC,TBC,Duty / neck velocity verified; no catalogue performance claim
RG-02-02,02,RA,151.36584740090174,300,2.141,5100,Room coverage required,"Check isothermal / cooling throw at 0.25 m/s terminal velocity, occupied-zone draught and ADPI with actual ceiling / room dimensions",NC <=30 meeting / bed / operator; NC <=35 other occupied rooms; owner / acoustic consultant to confirm,TBC,TBC,TBC,TBC,Duty / neck velocity verified; no catalogue performance claim
RG-02-03,02,RA,151.36584740090174,300,2.141,5100,Room coverage required,"Check isothermal / cooling throw at 0.25 m/s terminal velocity, occupied-zone draught and ADPI with actual ceiling / room dimensions",NC <=30 meeting / bed / operator; NC <=35 other occupied rooms; owner / acoustic consultant to confirm,TBC,TBC,TBC,TBC,Duty / neck velocity verified; no catalogue performance claim
RG-02-04,02,RA,151.36584740090174,300,2.141,5100,Room coverage required,"Check isothermal / cooling throw at 0.25 m/s terminal velocity, occupied-zone draught and ADPI with actual ceiling / room dimensions",NC <=30 meeting / bed / operator; NC <=35 other occupied rooms; owner / acoustic consultant to confirm,TBC,TBC,TBC,TBC,Duty / neck velocity verified; no catalogue performance claim
SD-04-01,04,SA,149.73333333333332,325,1.805,3253,1.626,"Check isothermal / cooling throw at 0.25 m/s terminal velocity, occupied-zone draught and ADPI with actual ceiling / room dimensions",NC <=30 meeting / bed / operator; NC <=35 other occupied rooms; owner / acoustic consultant to confirm,TBC,TBC,TBC,TBC,Duty / neck velocity verified; no catalogue performance claim
SD-04-02,04,SA,149.73333333333332,325,1.805,3253,1.626,"Check isothermal / cooling throw at 0.25 m/s terminal velocity, occupied-zone draught and ADPI with actual ceiling / room dimensions",NC <=30 meeting / bed / operator; NC <=35 other occupied rooms; owner / acoustic consultant to confirm,TBC,TBC,TBC,TBC,Duty / neck velocity verified; no catalogue performance claim
SD-04-03,04,SA,149.73333333333332,325,1.805,3256,1.628,"Check isothermal / cooling throw at 0.25 m/s terminal velocity, occupied-zone draught and ADPI with actual ceiling / room dimensions",NC <=30 meeting / bed / operator; NC <=35 other occupied rooms; owner / acoustic consultant to confirm,TBC,TBC,TBC,TBC,Duty / neck velocity verified; no catalogue performance claim
RG-04-01,04,RA,129.95446320120234,300,1.838,5187,Room coverage required,"Check isothermal / cooling throw at 0.25 m/s terminal velocity, occupied-zone draught and ADPI with actual ceiling / room dimensions",NC <=30 meeting / bed / operator; NC <=35 other occupied rooms; owner / acoustic consultant to confirm,TBC,TBC,TBC,TBC,Duty / neck velocity verified; no catalogue performance claim
RG-04-02,04,RA,129.95446320120234,300,1.838,5187,Room coverage required,"Check isothermal / cooling throw at 0.25 m/s terminal velocity, occupied-zone draught and ADPI with actual ceiling / room dimensions",NC <=30 meeting / bed / operator; NC <=35 other occupied rooms; owner / acoustic consultant to confirm,TBC,TBC,TBC,TBC,Duty / neck velocity verified; no catalogue performance claim
RG-04-03,04,RA,129.95446320120234,300,1.838,5420,Room coverage required,"Check isothermal / cooling throw at 0.25 m/s terminal velocity, occupied-zone draught and ADPI with actual ceiling / room dimensions",NC <=30 meeting / bed / operator; NC <=35 other occupied rooms; owner / acoustic consultant to confirm,TBC,TBC,TBC,TBC,Duty / neck velocity verified; no catalogue performance claim
SD-08-01,08,SA,147.43333333333334,325,1.777,2300,1.15,"Check isothermal / cooling throw at 0.25 m/s terminal velocity, occupied-zone draught and ADPI with actual ceiling / room dimensions",NC <=30 meeting / bed / operator; NC <=35 other occupied rooms; owner / acoustic consultant to confirm,TBC,TBC,TBC,TBC,Duty / neck velocity verified; no catalogue performance claim
SD-08-02,08,SA,147.43333333333334,325,1.777,2300,1.15,"Check isothermal / cooling throw at 0.25 m/s terminal velocity, occupied-zone draught and ADPI with actual ceiling / room dimensions",NC <=30 meeting / bed / operator; NC <=35 other occupied rooms; owner / acoustic consultant to confirm,TBC,TBC,TBC,TBC,Duty / neck velocity verified; no catalogue performance claim
SD-08-03,08,SA,147.43333333333334,325,1.777,2300,1.15,"Check isothermal / cooling throw at 0.25 m/s terminal velocity, occupied-zone draught and ADPI with actual ceiling / room dimensions",NC <=30 meeting / bed / operator; NC <=35 other occupied rooms; owner / acoustic consultant to confirm,TBC,TBC,TBC,TBC,Duty / neck velocity verified; no catalogue performance claim
SD-08-04,08,SA,147.43333333333334,325,1.777,2300,1.15,"Check isothermal / cooling throw at 0.25 m/s terminal velocity, occupied-zone draught and ADPI with actual ceiling / room dimensions",NC <=30 meeting / bed / operator; NC <=35 other occupied rooms; owner / acoustic consultant to confirm,TBC,TBC,TBC,TBC,Duty / neck velocity verified; no catalogue performance claim
SD-08-05,08,SA,147.43333333333334,325,1.777,2500,1.25,"Check isothermal / cooling throw at 0.25 m/s terminal velocity, occupied-zone draught and ADPI with actual ceiling / room dimensions",NC <=30 meeting / bed / operator; NC <=35 other occupied rooms; owner / acoustic consultant to confirm,TBC,TBC,TBC,TBC,Duty / neck velocity verified; no catalogue performance claim
SD-08-06,08,SA,147.43333333333334,325,1.777,2500,1.25,"Check isothermal / cooling throw at 0.25 m/s terminal velocity, occupied-zone draught and ADPI with actual ceiling / room dimensions",NC <=30 meeting / bed / operator; NC <=35 other occupied rooms; owner / acoustic consultant to confirm,TBC,TBC,TBC,TBC,Duty / neck velocity verified; no catalogue performance claim
RG-08-01,08,RA,137.54389826726785,300,1.946,2550,Room coverage required,"Check isothermal / cooling throw at 0.25 m/s terminal velocity, occupied-zone draught and ADPI with actual ceiling / room dimensions",NC <=30 meeting / bed / operator; NC <=35 other occupied rooms; owner / acoustic consultant to confirm,TBC,TBC,TBC,TBC,Duty / neck velocity verified; no catalogue performance claim
RG-08-02,08,RA,137.54389826726785,300,1.946,2550,Room coverage required,"Check isothermal / cooling throw at 0.25 m/s terminal velocity, occupied-zone draught and ADPI with actual ceiling / room dimensions",NC <=30 meeting / bed / operator; NC <=35 other occupied rooms; owner / acoustic consultant to confirm,TBC,TBC,TBC,TBC,Duty / neck velocity verified; no catalogue performance claim
RG-08-03,08,RA,137.54389826726785,300,1.946,2550,Room coverage required,"Check isothermal / cooling throw at 0.25 m/s terminal velocity, occupied-zone draught and ADPI with actual ceiling / room dimensions",NC <=30 meeting / bed / operator; NC <=35 other occupied rooms; owner / acoustic consultant to confirm,TBC,TBC,TBC,TBC,Duty / neck velocity verified; no catalogue performance claim
RG-08-04,08,RA,137.54389826726785,300,1.946,2550,Room coverage required,"Check isothermal / cooling throw at 0.25 m/s terminal velocity, occupied-zone draught and ADPI with actual ceiling / room dimensions",NC <=30 meeting / bed / operator; NC <=35 other occupied rooms; owner / acoustic consultant to confirm,TBC,TBC,TBC,TBC,Duty / neck velocity verified; no catalogue performance claim
RG-08-05,08,RA,137.54389826726785,300,1.946,3700,Room coverage required,"Check isothermal / cooling throw at 0.25 m/s terminal velocity, occupied-zone draught and ADPI with actual ceiling / room dimensions",NC <=30 meeting / bed / operator; NC <=35 other occupied rooms; owner / acoustic consultant to confirm,TBC,TBC,TBC,TBC,Duty / neck velocity verified; no catalogue performance claim
RG-08-06,08,RA,137.54389826726785,300,1.946,3700,Room coverage required,"Check isothermal / cooling throw at 0.25 m/s terminal velocity, occupied-zone draught and ADPI with actual ceiling / room dimensions",NC <=30 meeting / bed / operator; NC <=35 other occupied rooms; owner / acoustic consultant to confirm,TBC,TBC,TBC,TBC,Duty / neck velocity verified; no catalogue performance claim
SD-05-01,05,SA,155.54000000000002,325,1.875,4500,2.25,"Check isothermal / cooling throw at 0.25 m/s terminal velocity, occupied-zone draught and ADPI with actual ceiling / room dimensions",NC <=30 meeting / bed / operator; NC <=35 other occupied rooms; owner / acoustic consultant to confirm,TBC,TBC,TBC,TBC,Duty / neck velocity verified; no catalogue performance claim
SD-05-02,05,SA,155.54000000000002,325,1.875,2860,1.43,"Check isothermal / cooling throw at 0.25 m/s terminal velocity, occupied-zone draught and ADPI with actual ceiling / room dimensions",NC <=30 meeting / bed / operator; NC <=35 other occupied rooms; owner / acoustic consultant to confirm,TBC,TBC,TBC,TBC,Duty / neck velocity verified; no catalogue performance claim
SD-05-03,05,SA,155.54000000000002,325,1.875,2780,1.39,"Check isothermal / cooling throw at 0.25 m/s terminal velocity, occupied-zone draught and ADPI with actual ceiling / room dimensions",NC <=30 meeting / bed / operator; NC <=35 other occupied rooms; owner / acoustic consultant to confirm,TBC,TBC,TBC,TBC,Duty / neck velocity verified; no catalogue performance claim
SD-05-04,05,SA,155.54000000000002,325,1.875,4500,2.25,"Check isothermal / cooling throw at 0.25 m/s terminal velocity, occupied-zone draught and ADPI with actual ceiling / room dimensions",NC <=30 meeting / bed / operator; NC <=35 other occupied rooms; owner / acoustic consultant to confirm,TBC,TBC,TBC,TBC,Duty / neck velocity verified; no catalogue performance claim
SD-05-05,05,SA,155.54000000000002,325,1.875,2780,1.39,"Check isothermal / cooling throw at 0.25 m/s terminal velocity, occupied-zone draught and ADPI with actual ceiling / room dimensions",NC <=30 meeting / bed / operator; NC <=35 other occupied rooms; owner / acoustic consultant to confirm,TBC,TBC,TBC,TBC,Duty / neck velocity verified; no catalogue performance claim
RG-05-01,05,RA,143.6726779207214,300,2.033,4200,Room coverage required,"Check isothermal / cooling throw at 0.25 m/s terminal velocity, occupied-zone draught and ADPI with actual ceiling / room dimensions",NC <=30 meeting / bed / operator; NC <=35 other occupied rooms; owner / acoustic consultant to confirm,TBC,TBC,TBC,TBC,Duty / neck velocity verified; no catalogue performance claim
RG-05-02,05,RA,143.6726779207214,300,2.033,6300,Room coverage required,"Check isothermal / cooling throw at 0.25 m/s terminal velocity, occupied-zone draught and ADPI with actual ceiling / room dimensions",NC <=30 meeting / bed / operator; NC <=35 other occupied rooms; owner / acoustic consultant to confirm,TBC,TBC,TBC,TBC,Duty / neck velocity verified; no catalogue performance claim
RG-05-03,05,RA,143.6726779207214,300,2.033,4200,Room coverage required,"Check isothermal / cooling throw at 0.25 m/s terminal velocity, occupied-zone draught and ADPI with actual ceiling / room dimensions",NC <=30 meeting / bed / operator; NC <=35 other occupied rooms; owner / acoustic consultant to confirm,TBC,TBC,TBC,TBC,Duty / neck velocity verified; no catalogue performance claim
RG-05-04,05,RA,143.6726779207214,300,2.033,3932,Room coverage required,"Check isothermal / cooling throw at 0.25 m/s terminal velocity, occupied-zone draught and ADPI with actual ceiling / room dimensions",NC <=30 meeting / bed / operator; NC <=35 other occupied rooms; owner / acoustic consultant to confirm,TBC,TBC,TBC,TBC,Duty / neck velocity verified; no catalogue performance claim
RG-05-05,05,RA,143.6726779207214,300,2.033,3932,Room coverage required,"Check isothermal / cooling throw at 0.25 m/s terminal velocity, occupied-zone draught and ADPI with actual ceiling / room dimensions",NC <=30 meeting / bed / operator; NC <=35 other occupied rooms; owner / acoustic consultant to confirm,TBC,TBC,TBC,TBC,Duty / neck velocity verified; no catalogue performance claim
SD-06-01,06,SA,139.4,300,1.972,9300,4.65,"Check isothermal / cooling throw at 0.25 m/s terminal velocity, occupied-zone draught and ADPI with actual ceiling / room dimensions",NC <=30 meeting / bed / operator; NC <=35 other occupied rooms; owner / acoustic consultant to confirm,TBC,TBC,TBC,TBC,Duty / neck velocity verified; no catalogue performance claim
SD-06-02,06,SA,139.4,300,1.972,3600,1.8,"Check isothermal / cooling throw at 0.25 m/s terminal velocity, occupied-zone draught and ADPI with actual ceiling / room dimensions",NC <=30 meeting / bed / operator; NC <=35 other occupied rooms; owner / acoustic consultant to confirm,TBC,TBC,TBC,TBC,Duty / neck velocity verified; no catalogue performance claim
SD-06-03,06,SA,139.4,300,1.972,3600,1.8,"Check isothermal / cooling throw at 0.25 m/s terminal velocity, occupied-zone draught and ADPI with actual ceiling / room dimensions",NC <=30 meeting / bed / operator; NC <=35 other occupied rooms; owner / acoustic consultant to confirm,TBC,TBC,TBC,TBC,Duty / neck velocity verified; no catalogue performance claim
RG-06-01,06,RA,89.71584740090175,300,1.269,5200,Room coverage required,"Check isothermal / cooling throw at 0.25 m/s terminal velocity, occupied-zone draught and ADPI with actual ceiling / room dimensions",NC <=30 meeting / bed / operator; NC <=35 other occupied rooms; owner / acoustic consultant to confirm,TBC,TBC,TBC,TBC,Duty / neck velocity verified; no catalogue performance claim
RG-06-02,06,RA,89.71584740090175,300,1.269,5200,Room coverage required,"Check isothermal / cooling throw at 0.25 m/s terminal velocity, occupied-zone draught and ADPI with actual ceiling / room dimensions",NC <=30 meeting / bed / operator; NC <=35 other occupied rooms; owner / acoustic consultant to confirm,TBC,TBC,TBC,TBC,Duty / neck velocity verified; no catalogue performance claim
RG-06-03,06,RA,89.71584740090175,300,1.269,1100,Room coverage required,"Check isothermal / cooling throw at 0.25 m/s terminal velocity, occupied-zone draught and ADPI with actual ceiling / room dimensions",NC <=30 meeting / bed / operator; NC <=35 other occupied rooms; owner / acoustic consultant to confirm,TBC,TBC,TBC,TBC,Duty / neck velocity verified; no catalogue performance claim
RG-06-04,06,RA,89.71584740090175,300,1.269,1100,Room coverage required,"Check isothermal / cooling throw at 0.25 m/s terminal velocity, occupied-zone draught and ADPI with actual ceiling / room dimensions",NC <=30 meeting / bed / operator; NC <=35 other occupied rooms; owner / acoustic consultant to confirm,TBC,TBC,TBC,TBC,Duty / neck velocity verified; no catalogue performance claim
SD-09-01,09,SA,23.1,150,1.307,1800,0.9,"Check isothermal / cooling throw at 0.25 m/s terminal velocity, occupied-zone draught and ADPI with actual ceiling / room dimensions",NC <=30 meeting / bed / operator; NC <=35 other occupied rooms; owner / acoustic consultant to confirm,TBC,TBC,TBC,TBC,Duty / neck velocity verified; no catalogue performance claim
SD-09-02,09,SA,23.1,150,1.307,1800,0.9,"Check isothermal / cooling throw at 0.25 m/s terminal velocity, occupied-zone draught and ADPI with actual ceiling / room dimensions",NC <=30 meeting / bed / operator; NC <=35 other occupied rooms; owner / acoustic consultant to confirm,TBC,TBC,TBC,TBC,Duty / neck velocity verified; no catalogue performance claim
SD-07-01,07,SA,168.2,350,1.748,Single terminal,Room coverage required,"Check isothermal / cooling throw at 0.25 m/s terminal velocity, occupied-zone draught and ADPI with actual ceiling / room dimensions",NC <=30 meeting / bed / operator; NC <=35 other occupied rooms; owner / acoustic consultant to confirm,TBC,TBC,TBC,TBC,Duty / neck velocity verified; no catalogue performance claim
RG-07-01,07,RA,108.863389603607,300,1.54,Single terminal,Room coverage required,"Check isothermal / cooling throw at 0.25 m/s terminal velocity, occupied-zone draught and ADPI with actual ceiling / room dimensions",NC <=30 meeting / bed / operator; NC <=35 other occupied rooms; owner / acoustic consultant to confirm,TBC,TBC,TBC,TBC,Duty / neck velocity verified; no catalogue performance claim
SD-03-01,03,SA,147.6,325,1.779,Single terminal,Room coverage required,"Check isothermal / cooling throw at 0.25 m/s terminal velocity, occupied-zone draught and ADPI with actual ceiling / room dimensions",NC <=30 meeting / bed / operator; NC <=35 other occupied rooms; owner / acoustic consultant to confirm,TBC,TBC,TBC,TBC,Duty / neck velocity verified; no catalogue performance claim
SD-01-01,01,SA,141.3,300,1.999,Single terminal,Room coverage required,"Check isothermal / cooling throw at 0.25 m/s terminal velocity, occupied-zone draught and ADPI with actual ceiling / room dimensions",NC <=30 meeting / bed / operator; NC <=35 other occupied rooms; owner / acoustic consultant to confirm,TBC,TBC,TBC,TBC,Duty / neck velocity verified; no catalogue performance claim
EG-09-01,09,EA,32.44444444444444,150,1.836,1800,Room coverage required,"Check isothermal / cooling throw at 0.25 m/s terminal velocity, occupied-zone draught and ADPI with actual ceiling / room dimensions",NC <=30 meeting / bed / operator; NC <=35 other occupied rooms; owner / acoustic consultant to confirm,TBC,TBC,TBC,TBC,Duty / neck velocity verified; no catalogue performance claim
EG-09-02,09,EA,32.44444444444444,150,1.836,1800,Room coverage required,"Check isothermal / cooling throw at 0.25 m/s terminal velocity, occupied-zone draught and ADPI with actual ceiling / room dimensions",NC <=30 meeting / bed / operator; NC <=35 other occupied rooms; owner / acoustic consultant to confirm,TBC,TBC,TBC,TBC,Duty / neck velocity verified; no catalogue performance claim
EG-03-01,03,EA,147.6,300,2.088,Single terminal,Room coverage required,"Check isothermal / cooling throw at 0.25 m/s terminal velocity, occupied-zone draught and ADPI with actual ceiling / room dimensions",NC <=30 meeting / bed / operator; NC <=35 other occupied rooms; owner / acoustic consultant to confirm,TBC,TBC,TBC,TBC,Duty / neck velocity verified; no catalogue performance claim
EG-01-01,01,EA,TBC,TBC,TBC,Single terminal,Room coverage required,"Check isothermal / cooling throw at 0.25 m/s terminal velocity, occupied-zone draught and ADPI with actual ceiling / room dimensions",NC <=30 meeting / bed / operator; NC <=35 other occupied rooms; owner / acoustic consultant to confirm,TBC,TBC,TBC,TBC,Duty / neck velocity verified; no catalogue performance claim
