tag,room,air_type,flow_l_s,neck_dia_mm,face_w_mm,face_h_mm,x_mm,y_mm,level,catalogue
SD-02-01,02,SA,166.2,350,600,600,2700,18000,Ceiling / BOD TBC,"TBC; neck chosen for <=2 m/s, model / throw / NC / loss unverified"
SD-02-02,02,SA,166.2,350,600,600,7100,18000,Ceiling / BOD TBC,"TBC; neck chosen for <=2 m/s, model / throw / NC / loss unverified"
SD-02-03,02,SA,166.2,350,600,600,2700,13100,Ceiling / BOD TBC,"TBC; neck chosen for <=2 m/s, model / throw / NC / loss unverified"
SD-02-04,02,SA,166.2,350,600,600,7100,13100,Ceiling / BOD TBC,"TBC; neck chosen for <=2 m/s, model / throw / NC / loss unverified"
RG-02-01,02,RA,151.36584740090174,300,500,500,1200,17000,Ceiling / BOD TBC,TBC; 60% free area is teaching assumption only
RG-02-02,02,RA,151.36584740090174,300,500,500,7700,17000,Ceiling / BOD TBC,TBC; 60% free area is teaching assumption only
RG-02-03,02,RA,151.36584740090174,300,500,500,1200,11900,Ceiling / BOD TBC,TBC; 60% free area is teaching assumption only
RG-02-04,02,RA,151.36584740090174,300,500,500,7700,11900,Ceiling / BOD TBC,TBC; 60% free area is teaching assumption only
SD-04-01,04,SA,149.73333333333332,325,600,600,1800,6600,Ceiling / BOD TBC,"TBC; neck chosen for <=2 m/s, model / throw / NC / loss unverified"
SD-04-02,04,SA,149.73333333333332,325,600,600,4300,4300,Ceiling / BOD TBC,"TBC; neck chosen for <=2 m/s, model / throw / NC / loss unverified"
SD-04-03,04,SA,149.73333333333332,325,600,600,1900,1900,Ceiling / BOD TBC,"TBC; neck chosen for <=2 m/s, model / throw / NC / loss unverified"
RG-04-01,04,RA,129.95446320120234,300,500,500,700,7000,Ceiling / BOD TBC,TBC; 60% free area is teaching assumption only
RG-04-02,04,RA,129.95446320120234,300,500,500,4900,4300,Ceiling / BOD TBC,TBC; 60% free area is teaching assumption only
RG-04-03,04,RA,129.95446320120234,300,500,500,700,1000,Ceiling / BOD TBC,TBC; 60% free area is teaching assumption only
SD-08-01,08,SA,147.43333333333334,325,600,600,6500,6500,Ceiling / BOD TBC,"TBC; neck chosen for <=2 m/s, model / throw / NC / loss unverified"
SD-08-02,08,SA,147.43333333333334,325,600,600,10600,6500,Ceiling / BOD TBC,"TBC; neck chosen for <=2 m/s, model / throw / NC / loss unverified"
SD-08-03,08,SA,147.43333333333334,325,600,600,6500,4200,Ceiling / BOD TBC,"TBC; neck chosen for <=2 m/s, model / throw / NC / loss unverified"
SD-08-04,08,SA,147.43333333333334,325,600,600,10600,4200,Ceiling / BOD TBC,"TBC; neck chosen for <=2 m/s, model / throw / NC / loss unverified"
SD-08-05,08,SA,147.43333333333334,325,600,600,6500,1700,Ceiling / BOD TBC,"TBC; neck chosen for <=2 m/s, model / throw / NC / loss unverified"
SD-08-06,08,SA,147.43333333333334,325,600,600,10600,1700,Ceiling / BOD TBC,"TBC; neck chosen for <=2 m/s, model / throw / NC / loss unverified"
RG-08-01,08,RA,137.54389826726785,300,500,500,5900,7100,Ceiling / BOD TBC,TBC; 60% free area is teaching assumption only
RG-08-02,08,RA,137.54389826726785,300,500,500,11200,7100,Ceiling / BOD TBC,TBC; 60% free area is teaching assumption only
RG-08-03,08,RA,137.54389826726785,300,500,500,5900,4600,Ceiling / BOD TBC,TBC; 60% free area is teaching assumption only
RG-08-04,08,RA,137.54389826726785,300,500,500,11200,4600,Ceiling / BOD TBC,TBC; 60% free area is teaching assumption only
RG-08-05,08,RA,137.54389826726785,300,500,500,5900,900,Ceiling / BOD TBC,TBC; 60% free area is teaching assumption only
RG-08-06,08,RA,137.54389826726785,300,500,500,11200,900,Ceiling / BOD TBC,TBC; 60% free area is teaching assumption only
SD-05-01,05,SA,155.54000000000002,325,600,600,10900,18100,Ceiling / BOD TBC,"TBC; neck chosen for <=2 m/s, model / throw / NC / loss unverified"
SD-05-02,05,SA,155.54000000000002,325,600,600,16600,18100,Ceiling / BOD TBC,"TBC; neck chosen for <=2 m/s, model / throw / NC / loss unverified"
SD-05-03,05,SA,155.54000000000002,325,600,600,18300,15800,Ceiling / BOD TBC,"TBC; neck chosen for <=2 m/s, model / throw / NC / loss unverified"
SD-05-04,05,SA,155.54000000000002,325,600,600,10900,13600,Ceiling / BOD TBC,"TBC; neck chosen for <=2 m/s, model / throw / NC / loss unverified"
SD-05-05,05,SA,155.54000000000002,325,600,600,16600,13600,Ceiling / BOD TBC,"TBC; neck chosen for <=2 m/s, model / throw / NC / loss unverified"
RG-05-01,05,RA,143.6726779207214,300,500,500,9700,18800,Ceiling / BOD TBC,TBC; 60% free area is teaching assumption only
RG-05-02,05,RA,143.6726779207214,300,500,500,19000,18800,Ceiling / BOD TBC,TBC; 60% free area is teaching assumption only
RG-05-03,05,RA,143.6726779207214,300,500,500,9700,14600,Ceiling / BOD TBC,TBC; 60% free area is teaching assumption only
RG-05-04,05,RA,143.6726779207214,300,500,500,19000,12500,Ceiling / BOD TBC,TBC; 60% free area is teaching assumption only
RG-05-05,05,RA,143.6726779207214,300,500,500,15100,10700,Ceiling / BOD TBC,TBC; 60% free area is teaching assumption only
SD-06-01,06,SA,139.4,300,600,600,5400,9800,Ceiling / BOD TBC,"TBC; neck chosen for <=2 m/s, model / throw / NC / loss unverified"
SD-06-02,06,SA,139.4,300,600,600,14700,9800,Ceiling / BOD TBC,"TBC; neck chosen for <=2 m/s, model / throw / NC / loss unverified"
SD-06-03,06,SA,139.4,300,600,600,16300,6000,Ceiling / BOD TBC,"TBC; neck chosen for <=2 m/s, model / throw / NC / loss unverified"
RG-06-01,06,RA,89.71584740090175,300,500,500,3100,8550,Ceiling / BOD TBC,TBC; 60% free area is teaching assumption only
RG-06-02,06,RA,89.71584740090175,300,500,500,9700,8550,Ceiling / BOD TBC,TBC; 60% free area is teaching assumption only
RG-06-03,06,RA,89.71584740090175,300,500,500,17200,8550,Ceiling / BOD TBC,TBC; 60% free area is teaching assumption only
RG-06-04,06,RA,89.71584740090175,300,500,500,15100,5600,Ceiling / BOD TBC,TBC; 60% free area is teaching assumption only
SD-09-01,09,SA,23.1,150,300,300,13200,7000,Ceiling / BOD TBC,"TBC; neck chosen for <=2 m/s, model / throw / NC / loss unverified"
SD-09-02,09,SA,23.1,150,300,300,13200,5200,Ceiling / BOD TBC,"TBC; neck chosen for <=2 m/s, model / throw / NC / loss unverified"
SD-07-01,07,SA,168.2,350,600,600,13900,3200,Ceiling / BOD TBC,"TBC; neck chosen for <=2 m/s, model / throw / NC / loss unverified"
RG-07-01,07,RA,108.863389603607,300,500,500,14400,1400,Ceiling / BOD TBC,TBC; 60% free area is teaching assumption only
SD-03-01,03,SA,147.6,325,600,600,18600,6600,Ceiling / BOD TBC,"TBC; neck chosen for <=2 m/s, model / throw / NC / loss unverified"
SD-01-01,01,SA,141.3,300,600,600,18100,3200,Ceiling / BOD TBC,"TBC; neck chosen for <=2 m/s, model / throw / NC / loss unverified"
EG-09-01,09,EA,32.44444444444444,150,300,300,14200,7000,Pickup height TBC,TBC
EG-09-02,09,EA,32.44444444444444,150,300,300,14200,5200,Pickup height TBC,TBC
EG-03-01,03,EA,147.6,300,500,500,18900,5700,Pickup height TBC,TBC
EG-01-01,01,EA,TBC,TBC,500,500,18600,1500,Pickup height TBC,TBC
