upper,lower,x_mm,y_mm,upper_sections,lower_sections,status,tag,upper_depth_mm,lower_depth_mm,structural_underside_mm_affl,assumed_insulation_mm,assumed_insulated_gap_mm,assumed_structure_allowance_mm,upper_max_local_bod_mm_affl,lower_max_local_bod_mm_affl,lowest_insulated_surface_mm_affl,required_stack_mm,envelope_status
SA,RA,3500.0,18000.0,SA-R02-01,RA-M01,Proposed over/under arrangement; set BOD and verify insulation / access before approval,CX-01,350.0,650.0,4000,50,100,100,3500.0,2650.0,2600.0,1400.0,"Local upper bounds only; BOD, finished ceiling / beams / supports / access and plenum heights not approved"
SA,RA,3500.0,16652.5,SA-B02,RA-M01 / RA-M02,Proposed over/under arrangement; set BOD and verify insulation / access before approval,CX-02,350.0,650.0,4000,50,100,100,3500.0,2650.0,2600.0,1400.0,"Local upper bounds only; BOD, finished ceiling / beams / supports / access and plenum heights not approved"
SA,RA,4800.0,15500.0,SA-H02-D01,RA-B02,Proposed over/under arrangement; set BOD and verify insulation / access before approval,CX-03,350.0,400.0,4000,50,100,100,3500.0,2900.0,2850.0,1150.0,"Local upper bounds only; BOD, finished ceiling / beams / supports / access and plenum heights not approved"
SA,RA,3500.0,13100.0,SA-R02-03,RA-M03,Proposed over/under arrangement; set BOD and verify insulation / access before approval,CX-04,350.0,800.0,4000,50,100,100,3500.0,2500.0,2450.0,1550.0,"Local upper bounds only; BOD, finished ceiling / beams / supports / access and plenum heights not approved"
SA,RA,6000.0,13100.0,SA-R02-04,RA-H02-D01,Proposed over/under arrangement; set BOD and verify insulation / access before approval,CX-05,350.0,400.0,4000,50,100,100,3500.0,2900.0,2850.0,1150.0,"Local upper bounds only; BOD, finished ceiling / beams / supports / access and plenum heights not approved"
SA,RA,3500.0,12525.0,SA-B05,RA-M03,Proposed over/under arrangement; set BOD and verify insulation / access before approval,CX-06,350.0,800.0,4000,50,100,100,3500.0,2500.0,2450.0,1550.0,"Local upper bounds only; BOD, finished ceiling / beams / supports / access and plenum heights not approved"
SA,RA,6000.0,12525.0,SA-B05,RA-H02-D01,Proposed over/under arrangement; set BOD and verify insulation / access before approval,CX-07,350.0,400.0,4000,50,100,100,3500.0,2900.0,2850.0,1150.0,"Local upper bounds only; BOD, finished ceiling / beams / supports / access and plenum heights not approved"
SA,RA,3500.0,9475.0,SA-M03,RA-M03,Proposed over/under arrangement; set BOD and verify insulation / access before approval,CX-08,750.0,800.0,4000,50,100,100,3100.0,2100.0,2050.0,1950.0,"Local upper bounds only; BOD, finished ceiling / beams / supports / access and plenum heights not approved"
SA,RA,17800.0,8825.0,SA-B03,RA-H06-E01,Proposed over/under arrangement; set BOD and verify insulation / access before approval,CX-09,200.0,550.0,4000,50,100,100,3650.0,2900.0,2850.0,1150.0,"Local upper bounds only; BOD, finished ceiling / beams / supports / access and plenum heights not approved"
SA,RA,15500.0,8812.5,SA-B07,RA-H06-D01,Proposed over/under arrangement; set BOD and verify insulation / access before approval,CX-10,250.0,550.0,4000,50,100,100,3600.0,2850.0,2800.0,1200.0,"Local upper bounds only; BOD, finished ceiling / beams / supports / access and plenum heights not approved"
SA,RA,13400.0,8800.0,SA-B09,RA-H06-D01,Proposed over/under arrangement; set BOD and verify insulation / access before approval,CX-11,150.0,550.0,4000,50,100,100,3700.0,2950.0,2900.0,1100.0,"Local upper bounds only; BOD, finished ceiling / beams / supports / access and plenum heights not approved"
SA,RA,5700.0,8762.5,SA-B08,RA-H06-L01,Proposed over/under arrangement; set BOD and verify insulation / access before approval,CX-12,400.0,550.0,4000,50,100,100,3450.0,2700.0,2650.0,1350.0,"Local upper bounds only; BOD, finished ceiling / beams / supports / access and plenum heights not approved"
SA,RA,4150.0,8225.0,SA-B04,RA-M03 / RA-M04,Proposed over/under arrangement; set BOD and verify insulation / access before approval,CX-13,400.0,800.0,4000,50,100,100,3450.0,2450.0,2400.0,1600.0,"Local upper bounds only; BOD, finished ceiling / beams / supports / access and plenum heights not approved"
SA,RA,5700.0,8225.0,SA-B08,RA-M04,Proposed over/under arrangement; set BOD and verify insulation / access before approval,CX-14,400.0,600.0,4000,50,100,100,3450.0,2650.0,2600.0,1400.0,"Local upper bounds only; BOD, finished ceiling / beams / supports / access and plenum heights not approved"
SA,EA,17800.0,7630.7,SA-B03,EA-B09,Proposed over/under arrangement; set BOD and verify insulation / access before approval,CX-15,200.0,200.0,4000,50,100,100,3650.0,3250.0,3200.0,800.0,"Local upper bounds only; BOD, finished ceiling / beams / supports / access and plenum heights not approved"
SA,EA,15500.0,7600.0,SA-B07,EA-B09,Proposed over/under arrangement; set BOD and verify insulation / access before approval,CX-16,250.0,200.0,4000,50,100,100,3600.0,3200.0,3150.0,850.0,"Local upper bounds only; BOD, finished ceiling / beams / supports / access and plenum heights not approved"
SA,EA,19400.0,7600.0,SA-B01,EA-B09,Proposed over/under arrangement; set BOD and verify insulation / access before approval,CX-17,200.0,200.0,4000,50,100,100,3650.0,3250.0,3200.0,800.0,"Local upper bounds only; BOD, finished ceiling / beams / supports / access and plenum heights not approved"
SA,RA,4150.0,7200.0,SA-B04,RA-R04-01,Proposed over/under arrangement; set BOD and verify insulation / access before approval,CX-18,400.0,300.0,4000,50,100,100,3450.0,2950.0,2900.0,1100.0,"Local upper bounds only; BOD, finished ceiling / beams / supports / access and plenum heights not approved"
SA,EA,19400.0,5700.0,SA-B01,EA-B03,Proposed over/under arrangement; set BOD and verify insulation / access before approval,CX-19,200.0,200.0,4000,50,100,100,3650.0,3250.0,3200.0,800.0,"Local upper bounds only; BOD, finished ceiling / beams / supports / access and plenum heights not approved"
SA,RA,8500.0,4600.0,SA-H08-D01,RA-R08-03,Proposed over/under arrangement; set BOD and verify insulation / access before approval,CX-20,400.0,300.0,4000,50,100,100,3450.0,2950.0,2900.0,1100.0,"Local upper bounds only; BOD, finished ceiling / beams / supports / access and plenum heights not approved"
