tag,service,room,x_mm,y_mm,rotation_deg,symbol_actuator_side,status
VCD-S02,SA,02,4290.0,16600.0,-0.0,default,Proposed plan location; duct level / access envelope / OEM clearance TBC
AD-S02,SA,02,4290.0,16350.0,-0.0,default,Proposed plan location; duct level / access envelope / OEM clearance TBC
FSD-S02,SA,02,4430.0,16600.0,-0.0,default,Proposed plan location; duct level / access envelope / OEM clearance TBC
RCD-R02,RA,02,5450.0,15500.0,-180.0,default,Proposed plan location; duct level / access envelope / OEM clearance TBC
AD-R02,RA,02,5450.0,15800.0,-180.0,default,Proposed plan location; duct level / access envelope / OEM clearance TBC
FSD-R02,RA,02,5310.0,15500.0,-180.0,default,Proposed plan location; duct level / access envelope / OEM clearance TBC
VCD-S05,SA,05,4100.0,12525.0,-0.0,default,Proposed plan location; duct level / access envelope / OEM clearance TBC
AD-S05,SA,05,4100.0,12225.0,-0.0,default,Proposed plan location; duct level / access envelope / OEM clearance TBC
FSD-S05,SA,05,4300.0,12525.0,-0.0,opposite,Proposed plan location; duct level / access envelope / OEM clearance TBC
EH-05,SA,05,4540.0,12525.0,-0.0,default,Proposed plan location; duct level / access envelope / OEM clearance TBC
AD-H05,SA,05,4540.0,12225.0,-0.0,default,Proposed plan location; duct level / access envelope / OEM clearance TBC
RCD-R05,RA,05,19000.0,11400.0,-180.0,default,Proposed plan location; duct level / access envelope / OEM clearance TBC
AD-R05,RA,05,19000.0,11650.0,-180.0,default,Proposed plan location; duct level / access envelope / OEM clearance TBC
FSD-R05,RA,05,18800.0,11400.0,-180.0,default,Proposed plan location; duct level / access envelope / OEM clearance TBC
VCD-S04,SA,04,4150.0,7835.0,-90.0,default,Proposed plan location; duct level / access envelope / OEM clearance TBC
AD-S04,SA,04,3975.0,7835.0,-90.0,default,Proposed plan location; duct level / access envelope / OEM clearance TBC
FSD-S04,SA,04,4150.0,7635.0,-90.0,default,Proposed plan location; duct level / access envelope / OEM clearance TBC
EH-04,SA,04,4150.0,6905.0,-90.0,default,Proposed plan location; duct level / access envelope / OEM clearance TBC
AD-H04,SA,04,3975.0,6905.0,-90.0,default,Proposed plan location; duct level / access envelope / OEM clearance TBC
RCD-R04,RA,04,4800.0,7430.0,90.0,default,Proposed plan location; duct level / access envelope / OEM clearance TBC
AD-R04,RA,04,5050.0,7430.0,90.0,default,Proposed plan location; duct level / access envelope / OEM clearance TBC
FSD-R04,RA,04,4800.0,7570.0,90.0,default,Proposed plan location; duct level / access envelope / OEM clearance TBC
VCD-S08,SA,08,5700.0,7835.0,-90.0,default,Proposed plan location; duct level / access envelope / OEM clearance TBC
AD-S08,SA,08,5400.0,7835.0,-90.0,default,Proposed plan location; duct level / access envelope / OEM clearance TBC
FSD-S08,SA,08,5700.0,7635.0,-90.0,default,Proposed plan location; duct level / access envelope / OEM clearance TBC
RCD-R08,RA,08,10750.0,7650.0,-180.0,default,Proposed plan location; duct level / access envelope / OEM clearance TBC
AD-R08,RA,08,10750.0,7900.0,-180.0,default,Proposed plan location; duct level / access envelope / OEM clearance TBC
FSD-R08,RA,08,10550.0,7650.0,-180.0,default,Proposed plan location; duct level / access envelope / OEM clearance TBC
VCD-S06,SA,06,12500.0,9845.0,90.0,default,Proposed plan location; duct level / access envelope / OEM clearance TBC
AD-S06,SA,06,12725.0,9845.0,90.0,default,Proposed plan location; duct level / access envelope / OEM clearance TBC
FSD-S06,SA,06,12500.0,10045.0,90.0,default,Proposed plan location; duct level / access envelope / OEM clearance TBC
EH-06,SA,06,12500.0,10285.0,90.0,default,Proposed plan location; duct level / access envelope / OEM clearance TBC
AD-H06,SA,06,12725.0,10285.0,90.0,default,Proposed plan location; duct level / access envelope / OEM clearance TBC
RCD-R06,RA,06,11300.0,8630.0,-90.0,default,Proposed plan location; duct level / access envelope / OEM clearance TBC
AD-R06,RA,06,11125.0,8630.0,-90.0,default,Proposed plan location; duct level / access envelope / OEM clearance TBC
FSD-R06,RA,06,11300.0,8490.0,-90.0,default,Proposed plan location; duct level / access envelope / OEM clearance TBC
VCD-S07,SA,07,15500.0,8585.0,-90.0,default,Proposed plan location; duct level / access envelope / OEM clearance TBC
AD-S07,SA,07,15350.0,8585.0,-90.0,default,Proposed plan location; duct level / access envelope / OEM clearance TBC
FSD-S07,SA,07,15500.0,8385.0,-90.0,default,Proposed plan location; duct level / access envelope / OEM clearance TBC
EH-07,SA,07,15500.0,8145.0,-90.0,default,Proposed plan location; duct level / access envelope / OEM clearance TBC
AD-H07,SA,07,15350.0,8145.0,-90.0,default,Proposed plan location; duct level / access envelope / OEM clearance TBC
RCD-R07,RA,07,13000.0,2250.0,90.0,default,Proposed plan location; duct level / access envelope / OEM clearance TBC
AD-R07,RA,07,13175.0,2250.0,90.0,default,Proposed plan location; duct level / access envelope / OEM clearance TBC
FSD-R07,RA,07,13000.0,2450.0,90.0,default,Proposed plan location; duct level / access envelope / OEM clearance TBC
VCD-S09,SA,09,13400.0,8585.0,-90.0,default,Proposed plan location; duct level / access envelope / OEM clearance TBC
AD-S09,SA,09,13300.0,8585.0,-90.0,default,Proposed plan location; duct level / access envelope / OEM clearance TBC
FSD-S09,SA,09,13400.0,8385.0,-90.0,default,Proposed plan location; duct level / access envelope / OEM clearance TBC
VCD-S03,SA,03,17800.0,8585.0,-90.0,default,Proposed plan location; duct level / access envelope / OEM clearance TBC
AD-S03,SA,03,17650.0,8585.0,-90.0,default,Proposed plan location; duct level / access envelope / OEM clearance TBC
FSD-S03,SA,03,17800.0,8385.0,-90.0,default,Proposed plan location; duct level / access envelope / OEM clearance TBC
EH-03,SA,03,17800.0,8145.0,-90.0,default,Proposed plan location; duct level / access envelope / OEM clearance TBC
AD-H03,SA,03,17650.0,8145.0,-90.0,default,Proposed plan location; duct level / access envelope / OEM clearance TBC
VCD-S01,SA,01,19400.0,8995.0,-90.0,default,Proposed plan location; duct level / access envelope / OEM clearance TBC
AD-S01,SA,01,19250.0,8995.0,-90.0,default,Proposed plan location; duct level / access envelope / OEM clearance TBC
FSD-S01,SA,01,19400.0,8795.0,-90.0,default,Proposed plan location; duct level / access envelope / OEM clearance TBC
AD-HCOM-01,SA,COM,1200,17700,-90,default,Proposed plan location; duct level / access envelope / OEM clearance TBC
