tag,air_type,role,room,flow_l_s,width_mm,height_mm,diameter_mm,velocity_m_s,friction_pa_m,horizontal_length_m,vertical_length_m,level,route_basis,points_mm
SA-M01,SA,Main,,3697.8,1200,650,,4.74077,0.25215,2.4,TBC,BOD TBC,Proposed 2D centre-line; vertical length TBC,"[[1800, 19000], [1800, 16600]]"
SA-M02,SA,Main,,3033.0,1100,575,,4.79526,0.29408,4.075,TBC,BOD TBC,Rev10 proposed routing: Operator take-off below the GF-02 supply terminal row; BOD / insulation / selected fitting losses and OEM clearance TBC,"[[1800, 16600], [1800, 12525]]"
SA-M03,SA,Main,,2255.3,650,750,,4.62626,0.30341,5.4,TBC,BOD TBC,Rev10 proposed routing: Corridor supply track; narrower plan width; BOD / insulation / selected fitting losses and OEM clearance TBC,"[[1800, 12525], [1800, 9475], [4150, 9475]]"
SA-M04,SA,Main,,1806.1,650,575,,4.83237,0.38581,1.55,TBC,BOD TBC,Rev10 proposed routing: Corridor supply track; narrower plan width; BOD / insulation / selected fitting losses and OEM clearance TBC,"[[4150, 9475], [5700, 9475]]"
SA-M05,SA,Main,,921.5,650,300,,4.72564,0.59869,6.8,TBC,BOD TBC,Rev10 proposed routing: Common corridor branch take-off at x=12500; BOD / insulation / selected fitting losses and OEM clearance TBC,"[[5700, 9475], [12500, 9475]]"
SA-M06,SA,Main,,503.3,500,250,,4.0264,0.57488,0.9,TBC,BOD TBC,Rev10 proposed routing: Continue after corridor take-off; BOD / insulation / selected fitting losses and OEM clearance TBC,"[[12500, 9475], [13400, 9475]]"
SA-M07,SA,Main,,457.1,450,250,,4.06311,0.61115,2.1,TBC,BOD TBC,Rev10 proposed routing: Corridor supply track / clear eastern clean-agent branch; BOD / insulation / selected fitting losses and OEM clearance TBC,"[[13400, 9475], [15500, 9475]]"
SA-M08,SA,Main,,288.9,400,200,,3.61125,0.61935,2.3,TBC,BOD TBC,Rev10 proposed routing: Corridor supply track / clear eastern clean-agent branch; BOD / insulation / selected fitting losses and OEM clearance TBC,"[[15500, 9475], [17800, 9475]]"
SA-M09,SA,Main,,141.3,300,200,,2.355,0.32451,1.6,TBC,BOD TBC,Rev10 proposed routing: Corridor supply track / clear eastern clean-agent branch; BOD / insulation / selected fitting losses and OEM clearance TBC,"[[17800, 9475], [19400, 9475]]"
RA-M01,RA,Main,,3006.680338,1400,650,,3.30404,0.12169,3.5,TBC,BOD TBC,Rev10 proposed routing: GF-02 return take-off separated from supply branch; BOD / insulation / selected fitting losses and OEM clearance TBC,"[[3500, 15500], [3500, 19000]]"
RA-M02,RA,Main,,2401.216948,1200,600,,3.33502,0.14037,4.1,TBC,BOD TBC,Rev10 proposed routing: Operator return below all GF-02 return runouts; BOD / insulation / selected fitting losses and OEM clearance TBC,"[[3500, 11400], [3500, 15500]]"
RA-M03,RA,Main,,1682.853558,600,800,,3.50594,0.18538,4.475,TBC,BOD TBC,Rev10 proposed routing: Corridor return track; narrower plan width; BOD / insulation / selected fitting losses and OEM clearance TBC,"[[4800, 8225], [3500, 8225], [3500, 11400]]"
RA-M04,RA,Main,,1292.990169,600,600,,3.59164,0.2278,3.2,TBC,BOD TBC,Rev10 proposed routing: Corridor return track; meeting return at x=4800; BOD / insulation / selected fitting losses and OEM clearance TBC,"[[8000, 8225], [4800, 8225]]"
RA-M05,RA,Main,,467.726779,350,575,,2.32411,0.15219,3.3,TBC,BOD TBC,"Rev10 proposed routing: Corridor return track; preserve section area with deeper, narrower duct; BOD / insulation / selected fitting losses and OEM clearance TBC","[[11300, 8225], [8000, 8225]]"
RA-M06,RA,Main,,108.86339,350,300,,1.03679,0.05163,1.7,TBC,BOD TBC,Rev10 proposed routing: Bed-room return track clear of supply / toilet header; BOD / insulation / selected fitting losses and OEM clearance TBC,"[[13000, 8225], [11300, 8225]]"
SA-B02,SA,Branch,02,664.8,500,350,,3.79886,0.3991,3.0,TBC,BOD TBC,Proposed 2D centre-line; vertical length TBC,"[[1800, 16600], [4800, 16600]]"
SA-H02-U01,SA,Room header,02,332.4,500,350,,1.89943,0.11304,1.4,TBC,BOD TBC,Proposed 2D centre-line; vertical length TBC,"[[4800, 16600], [4800, 18000]]"
SA-H02-D01,SA,Room header,02,332.4,500,350,,1.89943,0.11304,3.5,TBC,BOD TBC,Proposed 2D centre-line; vertical length TBC,"[[4800, 16600], [4800, 13100]]"
SA-R02-01,SA,Runout,02,166.2,350,,350,1.72745,0.1164,2.1,TBC,BOD TBC,Proposed 2D centre-line; vertical length TBC,"[[4800, 18000], [2700, 18000]]"
SA-R02-02,SA,Runout,02,166.2,350,,350,1.72745,0.1164,2.3,TBC,BOD TBC,Proposed 2D centre-line; vertical length TBC,"[[4800, 18000], [7100, 18000]]"
SA-R02-03,SA,Runout,02,166.2,350,,350,1.72745,0.1164,2.1,TBC,BOD TBC,Proposed 2D centre-line; vertical length TBC,"[[4800, 13100], [2700, 13100]]"
SA-R02-04,SA,Runout,02,166.2,350,,350,1.72745,0.1164,2.3,TBC,BOD TBC,Proposed 2D centre-line; vertical length TBC,"[[4800, 13100], [7100, 13100]]"
RA-B02,RA,Branch,02,605.46339,600,400,,2.52276,0.15666,2.5,TBC,BOD TBC,Rev10 proposed routing: Separate the room return branch from the supply branch; BOD / insulation / selected fitting losses and OEM clearance TBC,"[[6000, 15500], [3500, 15500]]"
RA-H02-U01,RA,Room header,02,302.731695,600,400,,1.26138,0.04483,1.5,TBC,BOD TBC,Rev10 proposed routing: Return header above revised branch; BOD / insulation / selected fitting losses and OEM clearance TBC,"[[6000, 17000], [6000, 15500]]"
RA-H02-D01,RA,Room header,02,302.731695,600,400,,1.26138,0.04483,3.6,TBC,BOD TBC,Rev10 proposed routing: Return header below revised branch; BOD / insulation / selected fitting losses and OEM clearance TBC,"[[6000, 11900], [6000, 15500]]"
RA-R02-01,RA,Runout,02,151.365847,300,,300,2.14139,0.20737,0.6,TBC,BOD TBC,Rev10 proposed routing: Individual return neck; no crossing of the common return main; BOD / insulation / selected fitting losses and OEM clearance TBC,"[[5400, 17000], [6000, 17000]]"
RA-R02-02,RA,Runout,02,151.365847,300,,300,2.14139,0.20737,1.7,TBC,BOD TBC,Rev10 proposed routing: Individual return neck; no crossing of the common return main; BOD / insulation / selected fitting losses and OEM clearance TBC,"[[7700, 17000], [6000, 17000]]"
RA-R02-03,RA,Runout,02,151.365847,300,,300,2.14139,0.20737,0.6,TBC,BOD TBC,Rev10 proposed routing: Individual return neck; no crossing of the common return main; BOD / insulation / selected fitting losses and OEM clearance TBC,"[[5400, 11900], [6000, 11900]]"
RA-R02-04,RA,Runout,02,151.365847,300,,300,2.14139,0.20737,1.7,TBC,BOD TBC,Rev10 proposed routing: Individual return neck; no crossing of the common return main; BOD / insulation / selected fitting losses and OEM clearance TBC,"[[7700, 11900], [6000, 11900]]"
SA-B04,SA,Branch,04,449.2,350,400,,3.20857,0.33021,4.225,TBC,BOD TBC,Rev10 proposed routing: Meeting supply track between the common return main and room return header; BOD / insulation / selected fitting losses and OEM clearance TBC,"[[4150, 9475], [4150, 6500], [2900, 6500]]"
SA-H04-U01,SA,Room header,04,149.733333,450,300,,1.10914,0.05087,0.1,TBC,BOD TBC,Proposed 2D centre-line; vertical length TBC,"[[2900, 6500], [2900, 6600]]"
SA-H04-D01,SA,Room header,04,299.466667,450,300,,2.21827,0.17652,2.2,TBC,BOD TBC,Proposed 2D centre-line; vertical length TBC,"[[2900, 6500], [2900, 4300]]"
SA-H04-D02,SA,Room header,04,149.733333,450,300,,1.10914,0.05087,2.4,TBC,BOD TBC,Proposed 2D centre-line; vertical length TBC,"[[2900, 4300], [2900, 1900]]"
SA-R04-01,SA,Runout,04,149.733333,325,,325,1.80494,0.13805,1.1,TBC,BOD TBC,Proposed 2D centre-line; vertical length TBC,"[[2900, 6600], [1800, 6600]]"
SA-R04-02,SA,Runout,04,149.733333,325,,325,1.80494,0.13805,1.2,TBC,BOD TBC,Rev10 proposed routing: Clear the return header and leave space at the diffuser face; BOD / insulation / selected fitting losses and OEM clearance TBC,"[[2900, 4300], [4100, 4300]]"
SA-R04-03,SA,Runout,04,149.733333,325,,325,1.80494,0.13805,1.0,TBC,BOD TBC,Proposed 2D centre-line; vertical length TBC,"[[2900, 1900], [1900, 1900]]"
RA-B04,RA,Branch,04,389.86339,500,350,,2.22779,0.15082,0.925,TBC,BOD TBC,Rev10 proposed routing: Straight meeting return branch after the highest grille; BOD / insulation / selected fitting losses and OEM clearance TBC,"[[4800, 7300], [4800, 8225]]"
RA-H04-U01,RA,Room header,04,389.86339,500,350,,2.22779,0.15082,0.1,TBC,BOD TBC,Rev10 proposed routing: Common return segment after all three grilles; BOD / insulation / selected fitting losses and OEM clearance TBC,"[[4800, 7200], [4800, 7300]]"
RA-H04-D01,RA,Room header,04,259.908926,500,350,,1.48519,0.0726,2.9,TBC,BOD TBC,Rev10 proposed routing: Return header spaced from the meeting supply header; BOD / insulation / selected fitting losses and OEM clearance TBC,"[[4800, 4300], [4800, 7200]]"
RA-H04-D02,RA,Room header,04,129.954463,500,350,,0.7426,0.02111,3.3,TBC,BOD TBC,Rev10 proposed routing: Return header spaced from the meeting supply header; BOD / insulation / selected fitting losses and OEM clearance TBC,"[[4800, 1000], [4800, 4300]]"
RA-R04-01,RA,Runout,04,129.954463,300,,300,1.83848,0.15755,4.1,TBC,BOD TBC,Rev10 proposed routing: Individual return neck / integral short neck where noted; BOD / insulation / selected fitting losses and OEM clearance TBC,"[[700, 7200], [4800, 7200]]"
RA-R04-02,RA,Runout,04,129.954463,300,,300,1.83848,0.15755,0.2,TBC,BOD TBC,Rev10 proposed routing: Individual return neck / integral short neck where noted; BOD / insulation / selected fitting losses and OEM clearance TBC,"[[5000, 4300], [4800, 4300]]"
RA-R04-03,RA,Runout,04,129.954463,300,,300,1.83848,0.15755,4.1,TBC,BOD TBC,Rev10 proposed routing: Individual return neck / integral short neck where noted; BOD / insulation / selected fitting losses and OEM clearance TBC,"[[700, 1000], [4800, 1000]]"
SA-B08,SA,Branch,08,884.6,600,400,,3.68583,0.31325,6.675,TBC,BOD TBC,Rev10 proposed routing: Feeder west of every supply runout; BOD / insulation / selected fitting losses and OEM clearance TBC,"[[5700, 9475], [5700, 5600], [8500, 5600]]"
SA-H08-U01,SA,Room header,08,294.866667,600,400,,1.22861,0.04276,0.9,TBC,BOD TBC,Rev10 proposed routing: Upper outlet pair above the feeder; BOD / insulation / selected fitting losses and OEM clearance TBC,"[[8500, 5600], [8500, 6500]]"
SA-H08-D01,SA,Room header,08,589.733333,600,400,,2.45722,0.14933,1.4,TBC,BOD TBC,Rev10 proposed routing: Lower outlet pairs below the feeder; BOD / insulation / selected fitting losses and OEM clearance TBC,"[[8500, 5600], [8500, 4200]]"
SA-H08-D02,SA,Room header,08,294.866667,600,400,,1.22861,0.04276,2.5,TBC,BOD TBC,Proposed 2D centre-line; vertical length TBC,"[[8500, 4200], [8500, 1700]]"
SA-R08-01,SA,Runout,08,147.433333,325,,325,1.77721,0.13426,2.0,TBC,BOD TBC,Proposed 2D centre-line; vertical length TBC,"[[8500, 6500], [6500, 6500]]"
SA-R08-02,SA,Runout,08,147.433333,325,,325,1.77721,0.13426,2.1,TBC,BOD TBC,Proposed 2D centre-line; vertical length TBC,"[[8500, 6500], [10600, 6500]]"
SA-R08-03,SA,Runout,08,147.433333,325,,325,1.77721,0.13426,2.0,TBC,BOD TBC,Proposed 2D centre-line; vertical length TBC,"[[8500, 4200], [6500, 4200]]"
SA-R08-04,SA,Runout,08,147.433333,325,,325,1.77721,0.13426,2.1,TBC,BOD TBC,Proposed 2D centre-line; vertical length TBC,"[[8500, 4200], [10600, 4200]]"
SA-R08-05,SA,Runout,08,147.433333,325,,325,1.77721,0.13426,2.0,TBC,BOD TBC,Proposed 2D centre-line; vertical length TBC,"[[8500, 1700], [6500, 1700]]"
SA-R08-06,SA,Runout,08,147.433333,325,,325,1.77721,0.13426,2.1,TBC,BOD TBC,Proposed 2D centre-line; vertical length TBC,"[[8500, 1700], [10600, 1700]]"
RA-B08,RA,Branch,08,825.26339,500,650,,2.53927,0.12988,3.825,TBC,BOD TBC,Rev10 proposed routing: Return branch clear of supply header and return main; BOD / insulation / selected fitting losses and OEM clearance TBC,"[[11250, 7650], [8000, 7650], [8000, 8225]]"
RA-H08-U01,RA,Room header,08,825.26339,500,650,,2.53927,0.12988,0.5,TBC,BOD TBC,Rev10 proposed routing: Common return header after the upper pair; BOD / insulation / selected fitting losses and OEM clearance TBC,"[[11250, 7150], [11250, 7650]]"
RA-H08-D01,RA,Room header,08,550.175593,500,650,,1.69285,0.06225,2.55,TBC,BOD TBC,Rev10 proposed routing: Return collection rail clear of supply runouts; BOD / insulation / selected fitting losses and OEM clearance TBC,"[[11250, 4600], [11250, 7150]]"
RA-H08-D02,RA,Room header,08,275.087797,500,650,,0.84642,0.01796,3.7,TBC,BOD TBC,Rev10 proposed routing: Return collection rail clear of supply runouts; BOD / insulation / selected fitting losses and OEM clearance TBC,"[[11250, 900], [11250, 4600]]"
RA-R08-01,RA,Runout,08,137.543898,300,,300,1.94585,0.17449,4.85,TBC,BOD TBC,Rev10 proposed routing: Separate left / right necks; right neck uses integral plenum drop; BOD / insulation / selected fitting losses and OEM clearance TBC,"[[6400, 7150], [11250, 7150]]"
RA-R08-02,RA,Runout,08,137.543898,300,,300,1.94585,0.17449,0.25,TBC,BOD TBC,Rev10 proposed routing: Separate left / right necks; right neck uses integral plenum drop; BOD / insulation / selected fitting losses and OEM clearance TBC,"[[11500, 7150], [11250, 7150]]"
RA-R08-03,RA,Runout,08,137.543898,300,,300,1.94585,0.17449,5.35,TBC,BOD TBC,Rev10 proposed routing: Separate left / right necks; right neck uses integral plenum drop; BOD / insulation / selected fitting losses and OEM clearance TBC,"[[5900, 4600], [11250, 4600]]"
RA-R08-04,RA,Runout,08,137.543898,300,,300,1.94585,0.17449,0.25,TBC,BOD TBC,Rev10 proposed routing: Separate left / right necks; right neck uses integral plenum drop; BOD / insulation / selected fitting losses and OEM clearance TBC,"[[11500, 4600], [11250, 4600]]"
RA-R08-05,RA,Runout,08,137.543898,300,,300,1.94585,0.17449,5.35,TBC,BOD TBC,Rev10 proposed routing: Separate left / right necks; right neck uses integral plenum drop; BOD / insulation / selected fitting losses and OEM clearance TBC,"[[5900, 900], [11250, 900]]"
RA-R08-06,RA,Runout,08,137.543898,300,,300,1.94585,0.17449,0.25,TBC,BOD TBC,Rev10 proposed routing: Separate left / right necks; right neck uses integral plenum drop; BOD / insulation / selected fitting losses and OEM clearance TBC,"[[11500, 900], [11250, 900]]"
SA-B05,SA,Branch,05,777.7,600,350,,3.70333,0.34926,12.875,TBC,BOD TBC,Rev10 proposed routing: Separate feeder from the GF-02 bottom supply runouts; BOD / insulation / selected fitting losses and OEM clearance TBC,"[[1800, 12525], [14000, 12525], [14000, 13200]]"
SA-H05-U01,SA,Room header,05,777.7,600,350,,3.70333,0.34926,0.4,TBC,BOD TBC,Proposed 2D centre-line; vertical length TBC,"[[14000, 13200], [14000, 13600]]"
SA-H05-U02,SA,Room header,05,466.62,600,350,,2.222,0.13757,2.2,TBC,BOD TBC,Proposed 2D centre-line; vertical length TBC,"[[14000, 13600], [14000, 15800]]"
SA-H05-U03,SA,Room header,05,311.08,600,350,,1.48133,0.06619,2.3,TBC,BOD TBC,Proposed 2D centre-line; vertical length TBC,"[[14000, 15800], [14000, 18100]]"
SA-R05-01,SA,Runout,05,155.54,325,,325,1.87493,0.14783,3.1,TBC,BOD TBC,Proposed 2D centre-line; vertical length TBC,"[[14000, 18100], [10900, 18100]]"
SA-R05-02,SA,Runout,05,155.54,325,,325,1.87493,0.14783,2.6,TBC,BOD TBC,Proposed 2D centre-line; vertical length TBC,"[[14000, 18100], [16600, 18100]]"
SA-R05-03,SA,Runout,05,155.54,325,,325,1.87493,0.14783,4.3,TBC,BOD TBC,Proposed 2D centre-line; vertical length TBC,"[[14000, 15800], [18300, 15800]]"
SA-R05-04,SA,Runout,05,155.54,325,,325,1.87493,0.14783,3.1,TBC,BOD TBC,Proposed 2D centre-line; vertical length TBC,"[[14000, 13600], [10900, 13600]]"
SA-R05-05,SA,Runout,05,155.54,325,,325,1.87493,0.14783,2.6,TBC,BOD TBC,Proposed 2D centre-line; vertical length TBC,"[[14000, 13600], [16600, 13600]]"
RA-B05,RA,Branch,05,718.36339,500,525,,2.73662,0.16785,16.0,TBC,BOD TBC,Rev10 proposed routing: Common return feeder below the room supply tree; BOD / insulation / selected fitting losses and OEM clearance TBC,"[[19500, 11400], [3500, 11400]]"
RA-H05-U01,RA,Room header,05,574.690712,500,525,,2.1893,0.11185,0.5,TBC,BOD TBC,Rev10 proposed routing: East rail before the fifth outlet; BOD / insulation / selected fitting losses and OEM clearance TBC,"[[19500, 12500], [19500, 12000]]"
RA-H05-U02,RA,Room header,05,431.018034,500,525,,1.64197,0.06648,6.3,TBC,BOD TBC,Rev10 proposed routing: East return rail after the upper right grille; BOD / insulation / selected fitting losses and OEM clearance TBC,"[[19500, 18800], [19500, 12500]]"
RA-H05-U03,RA,Room header,05,287.345356,500,525,,1.09465,0.0321,0.2,TBC,BOD TBC,Rev10 proposed routing: East return rail before the upper right grille; BOD / insulation / selected fitting losses and OEM clearance TBC,"[[19500, 19000], [19500, 18800]]"
RA-H05-D01,RA,Room header,05,143.672678,500,525,,0.54732,0.00938,4.2,TBC,BOD TBC,Rev10 proposed routing: West return rail; no crossing of supply header; BOD / insulation / selected fitting losses and OEM clearance TBC,"[[9600, 14600], [9600, 18800]]"
RA-R05-01,RA,Runout,05,143.672678,300,,300,2.03255,0.18875,0.3,TBC,BOD TBC,Rev10 proposed routing: Individual return neck to the perimeter rail; BOD / insulation / selected fitting losses and OEM clearance TBC,"[[9900, 18800], [9600, 18800]]"
RA-R05-02,RA,Runout,05,143.672678,300,,300,2.03255,0.18875,0.5,TBC,BOD TBC,Rev10 proposed routing: Individual return neck to the perimeter rail; BOD / insulation / selected fitting losses and OEM clearance TBC,"[[19000, 18800], [19500, 18800]]"
RA-R05-03,RA,Runout,05,143.672678,300,,300,2.03255,0.18875,0.3,TBC,BOD TBC,Rev10 proposed routing: Individual return neck to the perimeter rail; BOD / insulation / selected fitting losses and OEM clearance TBC,"[[9900, 14600], [9600, 14600]]"
RA-R05-04,RA,Runout,05,143.672678,300,,300,2.03255,0.18875,0.5,TBC,BOD TBC,Rev10 proposed routing: Individual return neck to the perimeter rail; BOD / insulation / selected fitting losses and OEM clearance TBC,"[[19000, 12500], [19500, 12500]]"
RA-R05-05,RA,Runout,05,143.672678,300,,300,2.03255,0.18875,4.4,TBC,BOD TBC,Rev10 proposed routing: Individual return neck to the perimeter rail; BOD / insulation / selected fitting losses and OEM clearance TBC,"[[15100, 12000], [19500, 12000]]"
SA-B06,SA,Branch,06,418.2,450,300,,3.09778,0.3238,1.225,TBC,BOD TBC,Rev10 proposed routing: Straight common branch before the three-way distribution / heater station; BOD / insulation / selected fitting losses and OEM clearance TBC,"[[12500, 9475], [12500, 10700]]"
SA-H06-D01,SA,Room header,06,139.4,450,300,,1.03259,0.04479,7.1,TBC,BOD TBC,Rev10 proposed routing: West supply header; one outlet; BOD / insulation / selected fitting losses and OEM clearance TBC,"[[12500, 10700], [5400, 10700]]"
SA-R06-01,SA,Runout,06,139.4,300,,300,1.97211,0.17876,0.55,TBC,BOD TBC,Rev10 proposed routing: Single neck to a corridor outlet; no backtracking over its feeder; BOD / insulation / selected fitting losses and OEM clearance TBC,"[[5400, 10700], [5400, 10150]]"
SA-R06-02,SA,Runout,06,139.4,300,,300,1.97211,0.17876,0.55,TBC,BOD TBC,Rev10 proposed routing: Single neck to a corridor outlet; no backtracking over its feeder; BOD / insulation / selected fitting losses and OEM clearance TBC,"[[14700, 10700], [14700, 10150]]"
SA-R06-03,SA,Runout,06,139.4,300,,300,1.97211,0.17876,0.55,TBC,BOD TBC,Rev10 proposed routing: Single neck to a corridor outlet; no backtracking over its feeder; BOD / insulation / selected fitting losses and OEM clearance TBC,"[[18300, 10700], [18300, 10150]]"
RA-B06,RA,Branch,06,358.86339,350,550,,1.86423,0.10428,0.625,TBC,BOD TBC,Rev10 proposed routing: Straight common corridor collection branch; BOD / insulation / selected fitting losses and OEM clearance TBC,"[[11300, 8850], [11300, 8225]]"
RA-H06-D01,RA,Room header,06,179.431695,350,550,,0.93211,0.03013,5.9,TBC,BOD TBC,Rev10 proposed routing: East return collection header; two grilles; BOD / insulation / selected fitting losses and OEM clearance TBC,"[[17200, 8850], [11300, 8850]]"
RA-R06-01,RA,Runout,06,89.715847,300,,300,1.26922,0.08116,0.025,TBC,BOD TBC,"Rev10 proposed routing: Individual integral neck; common runs are rectangular headers, not duplicated round runouts; BOD / insulation / selected fitting losses and OEM clearance TBC","[[4500, 8875], [4500, 8850]]"
RA-R06-02,RA,Runout,06,89.715847,300,,300,1.26922,0.08116,0.025,TBC,BOD TBC,"Rev10 proposed routing: Individual integral neck; common runs are rectangular headers, not duplicated round runouts; BOD / insulation / selected fitting losses and OEM clearance TBC","[[9700, 8875], [9700, 8850]]"
RA-R06-03,RA,Runout,06,89.715847,300,,300,1.26922,0.08116,0.025,TBC,BOD TBC,"Rev10 proposed routing: Individual integral neck; common runs are rectangular headers, not duplicated round runouts; BOD / insulation / selected fitting losses and OEM clearance TBC","[[17200, 8875], [17200, 8850]]"
RA-R06-04,RA,Runout,06,89.715847,300,,300,1.26922,0.08116,0.025,TBC,BOD TBC,"Rev10 proposed routing: Individual integral neck; common runs are rectangular headers, not duplicated round runouts; BOD / insulation / selected fitting losses and OEM clearance TBC","[[18300, 8875], [18300, 8850]]"
SA-B09,SA,Branch,09,46.2,200,150,,1.54,0.23071,1.875,TBC,BOD TBC,Rev10 proposed routing: Toilet supply header clear of bed-room return rail; BOD / insulation / selected fitting losses and OEM clearance TBC,"[[13400, 9475], [13400, 7600]]"
SA-H09-D01,SA,Room header,09,46.2,200,150,,1.54,0.23071,0.6,TBC,BOD TBC,Rev10 proposed routing: Separate toilet supply header; BOD / insulation / selected fitting losses and OEM clearance TBC,"[[13400, 7600], [13400, 7000]]"
SA-H09-D02,SA,Room header,09,23.1,200,150,,0.77,0.06797,1.8,TBC,BOD TBC,Rev10 proposed routing: Separate toilet supply header; BOD / insulation / selected fitting losses and OEM clearance TBC,"[[13400, 7000], [13400, 5200]]"
SA-R09-01,SA,Runout,09,23.1,150,,150,1.30719,0.20416,0.2,TBC,BOD TBC,Rev10 proposed routing: Short integral neck to toilet diffuser; BOD / insulation / selected fitting losses and OEM clearance TBC,"[[13400, 7000], [13600, 7000]]"
SA-R09-02,SA,Runout,09,23.1,150,,150,1.30719,0.20416,0.2,TBC,BOD TBC,Rev10 proposed routing: Short integral neck to toilet diffuser; BOD / insulation / selected fitting losses and OEM clearance TBC,"[[13400, 5200], [13600, 5200]]"
SA-B07,SA,Branch,07,168.2,300,250,,2.24267,0.2536,7.275,TBC,BOD TBC,Rev10 proposed routing: Bed-room supply branch clear of its return branch; BOD / insulation / selected fitting losses and OEM clearance TBC,"[[15500, 9475], [15500, 3600], [14100, 3600]]"
SA-H07-D01,SA,Room header,07,168.2,300,250,,2.24267,0.2536,0.4,TBC,BOD TBC,Proposed 2D centre-line; vertical length TBC,"[[14100, 3600], [14100, 3200]]"
SA-R07-01,SA,Runout,07,168.2,350,,350,1.74824,0.11894,0.2,TBC,BOD TBC,Proposed 2D centre-line; vertical length TBC,"[[14100, 3200], [13900, 3200]]"
RA-B07,RA,Branch,07,108.86339,350,250,,1.24415,0.08113,6.025,TBC,BOD TBC,Rev10 proposed routing: West bed-room return branch; no coincident supply / return run; BOD / insulation / selected fitting losses and OEM clearance TBC,"[[13000, 2200], [13000, 8225]]"
RA-H07-D01,RA,Room header,07,108.86339,350,250,,1.24415,0.08113,0.8,TBC,BOD TBC,Rev10 proposed routing: West bed-room return rail; BOD / insulation / selected fitting losses and OEM clearance TBC,"[[13000, 1400], [13000, 2200]]"
RA-R07-01,RA,Runout,07,108.86339,300,,300,1.5401,0.11467,1.4,TBC,BOD TBC,Rev10 proposed routing: Return neck to the west rail; BOD / insulation / selected fitting losses and OEM clearance TBC,"[[14400, 1400], [13000, 1400]]"
SA-B03,SA,Branch,03,147.6,300,200,,2.46,0.35111,2.575,TBC,BOD TBC,Rev10 proposed routing: Kitchen supply branch; BOD / insulation / selected fitting losses and OEM clearance TBC,"[[17800, 9475], [17800, 7300], [18200, 7300]]"
SA-H03-D01,SA,Room header,03,147.6,300,200,,2.46,0.35111,0.7,TBC,BOD TBC,Proposed 2D centre-line; vertical length TBC,"[[18200, 7300], [18200, 6600]]"
SA-R03-01,SA,Runout,03,147.6,325,,325,1.77922,0.13453,0.4,TBC,BOD TBC,Proposed 2D centre-line; vertical length TBC,"[[18200, 6600], [18600, 6600]]"
SA-B01,SA,Branch,01,141.3,300,200,,2.355,0.32451,8.575,TBC,BOD TBC,Rev10 proposed routing: Eastern clean-agent feed; avoids crossing the kitchen supply branch; BOD / insulation / selected fitting losses and OEM clearance TBC,"[[19400, 9475], [19400, 3500], [16800, 3500]]"
SA-H01-D01,SA,Room header,01,141.3,300,200,,2.355,0.32451,0.5,TBC,BOD TBC,Rev10 proposed routing: Straight outlet station clear of the clean-agent feeder elbow; BOD / insulation / selected fitting losses and OEM clearance TBC,"[[16800, 3500], [16800, 3000]]"
SA-R01-01,SA,Runout,01,141.3,300,,300,1.99899,0.18317,1.3,TBC,BOD TBC,Rev10 proposed routing: Terminal neck clear of the common feeder; BOD / insulation / selected fitting losses and OEM clearance TBC,"[[16800, 3000], [18100, 3000]]"
EA-B09,EA,Extract branch,09,64.888889,250,200,,1.29778,0.12286,6.7,TBC,BOD TBC,Proposed 2D centre-line; vertical length TBC,"[[14700, 7000], [14700, 7600], [20800, 7600]]"
EA-R09-01,EA,Extract runout,09,32.444444,150,,150,1.83598,0.37327,0.5,TBC,BOD TBC,Proposed 2D centre-line; vertical length TBC,"[[14200, 7000], [14700, 7000]]"
EA-R09-02,EA,Extract runout,09,32.444444,150,,150,1.83598,0.37327,2.3,TBC,BOD TBC,Proposed 2D centre-line; vertical length TBC,"[[14200, 5200], [14700, 5200], [14700, 7000]]"
EA-B03,EA,Extract branch,03,147.6,300,200,,2.46,0.35111,1.9,TBC,BOD TBC,Proposed 2D centre-line; vertical length TBC,"[[18900, 5700], [20800, 5700]]"
RA-H05-L01,RA,Room header,05,287.345356,500,525,,1.09465,0.0321,0.2,TBC,BOD TBC,Rev10 proposed routing: West return rail after both left grilles; BOD / insulation / selected fitting losses and OEM clearance TBC,"[[9600, 18800], [9600, 19000]]"
RA-H05-N01,RA,Room header,05,287.345356,500,525,,1.09465,0.0321,9.9,TBC,BOD TBC,Rev10 proposed routing: Return bridge north of all supply outlets; BOD / insulation / selected fitting losses and OEM clearance TBC,"[[9600, 19000], [19500, 19000]]"
RA-H05-E01,RA,Room header,05,718.36339,500,525,,2.73662,0.16785,0.6,TBC,BOD TBC,Rev10 proposed routing: East rail after the fifth outlet; BOD / insulation / selected fitting losses and OEM clearance TBC,"[[19500, 12000], [19500, 11400]]"
SA-H06-E01,SA,Room header,06,278.8,450,300,,2.06519,0.15511,2.2,TBC,BOD TBC,Rev10 proposed routing: East supply header; two outlets; BOD / insulation / selected fitting losses and OEM clearance TBC,"[[12500, 10700], [14700, 10700]]"
SA-H06-E02,SA,Room header,06,139.4,450,300,,1.03259,0.04479,3.6,TBC,BOD TBC,Rev10 proposed routing: East supply header after second outlet; BOD / insulation / selected fitting losses and OEM clearance TBC,"[[14700, 10700], [18300, 10700]]"
RA-H06-L01,RA,Room header,06,89.715847,350,550,,0.46606,0.00886,5.2,TBC,BOD TBC,Rev10 proposed routing: West collection header; one grille; BOD / insulation / selected fitting losses and OEM clearance TBC,"[[4500, 8850], [9700, 8850]]"
RA-H06-L02,RA,Room header,06,179.431695,350,550,,0.93211,0.03013,1.6,TBC,BOD TBC,Rev10 proposed routing: West collection header; two grilles; BOD / insulation / selected fitting losses and OEM clearance TBC,"[[9700, 8850], [11300, 8850]]"
RA-H06-E01,RA,Room header,06,89.715847,350,550,,0.46606,0.00886,1.1,TBC,BOD TBC,Rev10 proposed routing: East collection header before third grille; BOD / insulation / selected fitting losses and OEM clearance TBC,"[[18300, 8850], [17200, 8850]]"
