tag,section,type,x_mm,y_mm,loss_K,basis
F-SA-M03-B01,SA-M03,Radius / vaned elbow - see actual plan envelope,1800,9475,TBC selected fitting,Rev10 route vertex; selected radius / turning vanes and vertical development require approval
F-RA-M03-B01,RA-M03,Radius / vaned elbow - see actual plan envelope,3500,8225,TBC selected fitting,Rev10 route vertex; selected radius / turning vanes and vertical development require approval
F-SA-B04-B01,SA-B04,Radius / vaned elbow - see actual plan envelope,4150,6500,TBC selected fitting,Rev10 route vertex; selected radius / turning vanes and vertical development require approval
F-SA-B08-B01,SA-B08,Radius / vaned elbow - see actual plan envelope,5700,5600,TBC selected fitting,Rev10 route vertex; selected radius / turning vanes and vertical development require approval
F-RA-B08-B01,RA-B08,Radius / vaned elbow - see actual plan envelope,8000,7650,TBC selected fitting,Rev10 route vertex; selected radius / turning vanes and vertical development require approval
F-SA-B05-B01,SA-B05,Radius / vaned elbow - see actual plan envelope,14000,12525,TBC selected fitting,Rev10 route vertex; selected radius / turning vanes and vertical development require approval
F-SA-B07-B01,SA-B07,Radius / vaned elbow - see actual plan envelope,15500,3600,TBC selected fitting,Rev10 route vertex; selected radius / turning vanes and vertical development require approval
F-SA-B03-B01,SA-B03,Radius / vaned elbow - see actual plan envelope,17800,7300,TBC selected fitting,Rev10 route vertex; selected radius / turning vanes and vertical development require approval
F-SA-B01-B01,SA-B01,Radius / vaned elbow - see actual plan envelope,19400,3500,TBC selected fitting,Rev10 route vertex; selected radius / turning vanes and vertical development require approval
F-EA-B09-B01,EA-B09,Radius / vaned elbow - see actual plan envelope,14700,7600,TBC selected fitting,Rev10 route vertex; selected radius / turning vanes and vertical development require approval
F-EA-R09-02-B01,EA-R09-02,Radius / vaned elbow - see actual plan envelope,14700,5200,TBC selected fitting,Rev10 route vertex; selected radius / turning vanes and vertical development require approval
F-SA-RED-01,SA-M01,Main tapered transition,1800.0,16032.5,TBC selected fitting,Rev10 replacement profile; proposed axial length 350 mm; clear W x H / D per sections; fitting K and fabrication development pending
F-SA-RED-02,SA-M02,Main tapered transition,1800.0,11507.5,TBC selected fitting,Rev10 replacement profile; proposed axial length 1125 mm; clear W x H / D per sections; fitting K and fabrication development pending
F-SA-RED-03,SA-M03,Main tapered transition,4623.8,9475.0,TBC selected fitting,Rev10 replacement profile; proposed axial length 350 mm; clear W x H / D per sections; fitting K and fabrication development pending
F-SA-RED-04,SA-M04,Main tapered transition,6330.0,9475.0,TBC selected fitting,Rev10 replacement profile; proposed axial length 350 mm; clear W x H / D per sections; fitting K and fabrication development pending
F-SA-RED-05,SA-M05,Main tapered transition,13048.8,9475.0,TBC selected fitting,Rev10 replacement profile; proposed axial length 375 mm; clear W x H / D per sections; fitting K and fabrication development pending
F-SA-RED-06,SA-M06,Main tapered transition,13780.0,9475.0,TBC selected fitting,Rev10 replacement profile; proposed axial length 350 mm; clear W x H / D per sections; fitting K and fabrication development pending
F-SA-RED-07,SA-M07,Main tapered transition,15942.5,9475.0,TBC selected fitting,Rev10 replacement profile; proposed axial length 350 mm; clear W x H / D per sections; fitting K and fabrication development pending
F-SA-RED-08,SA-M08,Main tapered transition,18242.5,9475.0,TBC selected fitting,Rev10 replacement profile; proposed axial length 350 mm; clear W x H / D per sections; fitting K and fabrication development pending
F-RA-RED-01,RA-M02,Main tapered transition,3500.0,16205.0,TBC selected fitting,Rev10 replacement profile; proposed axial length 500 mm; clear W x H / D per sections; fitting K and fabrication development pending
F-RA-RED-02,RA-M03,Main tapered transition,3500.0,12542.5,TBC selected fitting,Rev10 replacement profile; proposed axial length 1500 mm; clear W x H / D per sections; fitting K and fabrication development pending
F-RA-RED-03,RA-M04,Main tapered transition,4232.5,8225.0,TBC selected fitting,Rev10 replacement profile; proposed axial length 350 mm; clear W x H / D per sections; fitting K and fabrication development pending
F-RA-RED-04,RA-M05,Main tapered transition,7295.0,8225.0,TBC selected fitting,Rev10 replacement profile; proposed axial length 625 mm; clear W x H / D per sections; fitting K and fabrication development pending
F-RA-RED-05,RA-M06,Main tapered transition,10826.2,8225.0,TBC selected fitting,Rev10 replacement profile; proposed axial length 350 mm; clear W x H / D per sections; fitting K and fabrication development pending
TR-SA-B02,SA-B02,Tapered room-branch boot,2550.0,16600.0,TBC selected fitting,Rev10 replacement profile; proposed axial length 300 mm; clear W x H / D per sections; fitting K and fabrication development pending
TR-RA-B02,RA-B02,Tapered room-branch boot,4250.0,15500.0,TBC selected fitting,Rev10 replacement profile; proposed axial length 300 mm; clear W x H / D per sections; fitting K and fabrication development pending
TR-SA-B04,SA-B04,Tapered room-branch boot,4150.0,9000.0,TBC selected fitting,Rev10 replacement profile; proposed axial length 300 mm; clear W x H / D per sections; fitting K and fabrication development pending
TR-RA-B04,RA-B04,Tapered room-branch boot,4800.0,7800.0,TBC selected fitting,Rev10 replacement profile; proposed axial length 250 mm; clear W x H / D per sections; fitting K and fabrication development pending
TR-SA-B08,SA-B08,Tapered room-branch boot,5700.0,9000.0,TBC selected fitting,Rev10 replacement profile; proposed axial length 300 mm; clear W x H / D per sections; fitting K and fabrication development pending
TR-RA-B08,RA-B08,Tapered room-branch boot,8000.0,7970.0,TBC selected fitting,Rev10 replacement profile; proposed axial length 160 mm; clear W x H / D per sections; fitting K and fabrication development pending
TR-SA-B05,SA-B05,Tapered room-branch boot,2500.0,12525.0,TBC selected fitting,Rev10 replacement profile; proposed axial length 300 mm; clear W x H / D per sections; fitting K and fabrication development pending
TR-RA-B05,RA-B05,Tapered room-branch boot,3950.0,11400.0,TBC selected fitting,Rev10 replacement profile; proposed axial length 300 mm; clear W x H / D per sections; fitting K and fabrication development pending
TR-SA-B09,SA-B09,Tapered room-branch boot,13400.0,9075.0,TBC selected fitting,Rev10 replacement profile; proposed axial length 300 mm; clear W x H / D per sections; fitting K and fabrication development pending
TR-SA-B07,SA-B07,Tapered room-branch boot,15500.0,9100.0,TBC selected fitting,Rev10 replacement profile; proposed axial length 300 mm; clear W x H / D per sections; fitting K and fabrication development pending
TR-RA-B07,RA-B07,Tapered room-branch boot,13000.0,7900.0,TBC selected fitting,Rev10 replacement profile; proposed axial length 300 mm; clear W x H / D per sections; fitting K and fabrication development pending
TR-SA-B03,SA-B03,Tapered room-branch boot,17800.0,9125.0,TBC selected fitting,Rev10 replacement profile; proposed axial length 300 mm; clear W x H / D per sections; fitting K and fabrication development pending
TR-SA-B01,SA-B01,Tapered room-branch boot,19400.0,9175.0,TBC selected fitting,Rev10 replacement profile; proposed axial length 300 mm; clear W x H / D per sections; fitting K and fabrication development pending
TR-SA-R02-01,SA-R02-01,Rectangular-to-round terminal adaptor,4400.0,18000.0,TBC selected fitting,Rev10 replacement profile; proposed axial length 300 mm; clear W x H / D per sections; fitting K and fabrication development pending
TR-SA-R02-02,SA-R02-02,Rectangular-to-round terminal adaptor,5200.0,18000.0,TBC selected fitting,Rev10 replacement profile; proposed axial length 300 mm; clear W x H / D per sections; fitting K and fabrication development pending
TR-SA-R02-03,SA-R02-03,Rectangular-to-round terminal adaptor,4400.0,13100.0,TBC selected fitting,Rev10 replacement profile; proposed axial length 300 mm; clear W x H / D per sections; fitting K and fabrication development pending
TR-SA-R02-04,SA-R02-04,Rectangular-to-round terminal adaptor,5200.0,13100.0,TBC selected fitting,Rev10 replacement profile; proposed axial length 300 mm; clear W x H / D per sections; fitting K and fabrication development pending
TR-RA-R02-01,RA-R02-01,Rectangular-to-round terminal adaptor,5640.0,17000.0,TBC selected fitting,Rev10 replacement profile; proposed axial length 120 mm; clear W x H / D per sections; fitting K and fabrication development pending
TR-RA-R02-02,RA-R02-02,Rectangular-to-round terminal adaptor,6450.0,17000.0,TBC selected fitting,Rev10 replacement profile; proposed axial length 300 mm; clear W x H / D per sections; fitting K and fabrication development pending
TR-RA-R02-03,RA-R02-03,Rectangular-to-round terminal adaptor,5640.0,11900.0,TBC selected fitting,Rev10 replacement profile; proposed axial length 120 mm; clear W x H / D per sections; fitting K and fabrication development pending
TR-RA-R02-04,RA-R02-04,Rectangular-to-round terminal adaptor,6450.0,11900.0,TBC selected fitting,Rev10 replacement profile; proposed axial length 300 mm; clear W x H / D per sections; fitting K and fabrication development pending
TR-SA-R04-01,SA-R04-01,Rectangular-to-round terminal adaptor,2525.0,6600.0,TBC selected fitting,Rev10 replacement profile; proposed axial length 300 mm; clear W x H / D per sections; fitting K and fabrication development pending
TR-SA-R04-02,SA-R04-02,Rectangular-to-round terminal adaptor,3275.0,4300.0,TBC selected fitting,Rev10 replacement profile; proposed axial length 300 mm; clear W x H / D per sections; fitting K and fabrication development pending
TR-SA-R04-03,SA-R04-03,Rectangular-to-round terminal adaptor,2525.0,1900.0,TBC selected fitting,Rev10 replacement profile; proposed axial length 300 mm; clear W x H / D per sections; fitting K and fabrication development pending
TR-RA-R04-01,RA-R04-01,Rectangular-to-round terminal adaptor,4400.0,7200.0,TBC selected fitting,Rev10 replacement profile; proposed axial length 300 mm; clear W x H / D per sections; fitting K and fabrication development pending
TR-RA-R04-03,RA-R04-03,Rectangular-to-round terminal adaptor,4400.0,1000.0,TBC selected fitting,Rev10 replacement profile; proposed axial length 300 mm; clear W x H / D per sections; fitting K and fabrication development pending
TR-SA-R08-01,SA-R08-01,Rectangular-to-round terminal adaptor,8050.0,6500.0,TBC selected fitting,Rev10 replacement profile; proposed axial length 300 mm; clear W x H / D per sections; fitting K and fabrication development pending
TR-SA-R08-02,SA-R08-02,Rectangular-to-round terminal adaptor,8950.0,6500.0,TBC selected fitting,Rev10 replacement profile; proposed axial length 300 mm; clear W x H / D per sections; fitting K and fabrication development pending
TR-SA-R08-03,SA-R08-03,Rectangular-to-round terminal adaptor,8050.0,4200.0,TBC selected fitting,Rev10 replacement profile; proposed axial length 300 mm; clear W x H / D per sections; fitting K and fabrication development pending
TR-SA-R08-04,SA-R08-04,Rectangular-to-round terminal adaptor,8950.0,4200.0,TBC selected fitting,Rev10 replacement profile; proposed axial length 300 mm; clear W x H / D per sections; fitting K and fabrication development pending
TR-SA-R08-05,SA-R08-05,Rectangular-to-round terminal adaptor,8050.0,1700.0,TBC selected fitting,Rev10 replacement profile; proposed axial length 300 mm; clear W x H / D per sections; fitting K and fabrication development pending
TR-SA-R08-06,SA-R08-06,Rectangular-to-round terminal adaptor,8950.0,1700.0,TBC selected fitting,Rev10 replacement profile; proposed axial length 300 mm; clear W x H / D per sections; fitting K and fabrication development pending
TR-RA-R08-01,RA-R08-01,Rectangular-to-round terminal adaptor,10850.0,7150.0,TBC selected fitting,Rev10 replacement profile; proposed axial length 300 mm; clear W x H / D per sections; fitting K and fabrication development pending
TR-RA-R08-03,RA-R08-03,Rectangular-to-round terminal adaptor,10850.0,4600.0,TBC selected fitting,Rev10 replacement profile; proposed axial length 300 mm; clear W x H / D per sections; fitting K and fabrication development pending
TR-RA-R08-05,RA-R08-05,Rectangular-to-round terminal adaptor,10850.0,900.0,TBC selected fitting,Rev10 replacement profile; proposed axial length 300 mm; clear W x H / D per sections; fitting K and fabrication development pending
TR-SA-R05-01,SA-R05-01,Rectangular-to-round terminal adaptor,13550.0,18100.0,TBC selected fitting,Rev10 replacement profile; proposed axial length 300 mm; clear W x H / D per sections; fitting K and fabrication development pending
TR-SA-R05-02,SA-R05-02,Rectangular-to-round terminal adaptor,14450.0,18100.0,TBC selected fitting,Rev10 replacement profile; proposed axial length 300 mm; clear W x H / D per sections; fitting K and fabrication development pending
TR-SA-R05-03,SA-R05-03,Rectangular-to-round terminal adaptor,14450.0,15800.0,TBC selected fitting,Rev10 replacement profile; proposed axial length 300 mm; clear W x H / D per sections; fitting K and fabrication development pending
TR-SA-R05-04,SA-R05-04,Rectangular-to-round terminal adaptor,13550.0,13600.0,TBC selected fitting,Rev10 replacement profile; proposed axial length 300 mm; clear W x H / D per sections; fitting K and fabrication development pending
TR-SA-R05-05,SA-R05-05,Rectangular-to-round terminal adaptor,14450.0,13600.0,TBC selected fitting,Rev10 replacement profile; proposed axial length 300 mm; clear W x H / D per sections; fitting K and fabrication development pending
TR-RA-R05-02,RA-R05-02,Rectangular-to-round terminal adaptor,19200.0,18800.0,TBC selected fitting,Rev10 replacement profile; proposed axial length 100 mm; clear W x H / D per sections; fitting K and fabrication development pending
TR-RA-R05-04,RA-R05-04,Rectangular-to-round terminal adaptor,19200.0,12500.0,TBC selected fitting,Rev10 replacement profile; proposed axial length 100 mm; clear W x H / D per sections; fitting K and fabrication development pending
TR-RA-R05-05,RA-R05-05,Rectangular-to-round terminal adaptor,19100.0,12000.0,TBC selected fitting,Rev10 replacement profile; proposed axial length 300 mm; clear W x H / D per sections; fitting K and fabrication development pending
TR-SA-R06-01,SA-R06-01,Rectangular-to-round terminal adaptor,5400.0,10410.0,TBC selected fitting,Rev10 replacement profile; proposed axial length 130 mm; clear W x H / D per sections; fitting K and fabrication development pending
TR-SA-R06-02,SA-R06-02,Rectangular-to-round terminal adaptor,14700.0,10410.0,TBC selected fitting,Rev10 replacement profile; proposed axial length 130 mm; clear W x H / D per sections; fitting K and fabrication development pending
TR-SA-R06-03,SA-R06-03,Rectangular-to-round terminal adaptor,18300.0,10410.0,TBC selected fitting,Rev10 replacement profile; proposed axial length 130 mm; clear W x H / D per sections; fitting K and fabrication development pending
TR-RA-R07-01,RA-R07-01,Rectangular-to-round terminal adaptor,13325.0,1400.0,TBC selected fitting,Rev10 replacement profile; proposed axial length 300 mm; clear W x H / D per sections; fitting K and fabrication development pending
TR-SA-R03-01,SA-R03-01,Rectangular-to-round terminal adaptor,18400.0,6600.0,TBC selected fitting,Rev10 replacement profile; proposed axial length 100 mm; clear W x H / D per sections; fitting K and fabrication development pending
TR-SA-R01-01,SA-R01-01,Rectangular-to-round terminal adaptor,17100.0,3000.0,TBC selected fitting,Rev10 replacement profile; proposed axial length 300 mm; clear W x H / D per sections; fitting K and fabrication development pending
TR-EA-R09-01,EA-R09-01,Rectangular-to-round terminal adaptor,14500.0,7000.0,TBC selected fitting,Rev10 replacement profile; proposed axial length 150 mm; clear W x H / D per sections; fitting K and fabrication development pending
TR-EA-R09-02,EA-R09-02,Rectangular-to-round terminal adaptor,14700.0,6850.0,TBC selected fitting,Rev10 replacement profile; proposed axial length 300 mm; clear W x H / D per sections; fitting K and fabrication development pending
TR-SA-B06,SA-B06,Formed straight branch take-off,12500,9475,TBC selected fitting,Straight common station for corridor devices; selected fitting / access and OEM face-to-face dimensions pending
TR-RA-B06,RA-B06,Formed straight branch take-off,11300,8225,TBC selected fitting,Straight common station for corridor devices; selected fitting / access and OEM face-to-face dimensions pending
