tag,location,IO,proposed_range,mounting_detail,pressure_taps_or_straight_length,wiring_proposal,access,safety_or_commissioning,detail,status
TT-GF-02,GF-02 Electrical panel,AI,0..50 degC,Room sensor at +1.5 m AFFL away from supply jet / sunlight / heat source,Not applicable,"Shielded twisted pair, 4-20 mA proposed; separate from power, shield earth at panel end; supply / isolator per OEM","Maintain visible tag, reachable isolation / test / reset and equipment removal path; mounting-specific clearance per OEM","Alarm settings, scaling and response approved during commissioning",D-028 / D-029,Proposed installation specification; OEM wiring and panel terminal numbers pending
RHT-GF-02,GF-02 Electrical panel,AI,0..100 %RH,Room sensor at +1.5 m AFFL away from supply jet / sunlight / heat source,Not applicable,"Shielded twisted pair, 4-20 mA proposed; separate from power, shield earth at panel end; supply / isolator per OEM","Maintain visible tag, reachable isolation / test / reset and equipment removal path; mounting-specific clearance per OEM","Alarm settings, scaling and response approved during commissioning",D-028 / D-029,Proposed installation specification; OEM wiring and panel terminal numbers pending
DPT-GF-02,GF-02 Electrical panel,AI,Room: -100..+100 Pa; fan: 0..1000 Pa,Room sensor at +1.5 m AFFL away from supply jet / sunlight / heat source,"(+) room static; (-) sheltered outdoor reference, common datum; prevent wind bias","Shielded twisted pair, 4-20 mA proposed; separate from power, shield earth at panel end; supply / isolator per OEM","Maintain visible tag, reachable isolation / test / reset and equipment removal path; mounting-specific clearance per OEM","Alarm settings, scaling and response approved during commissioning",D-028 / D-029,Proposed installation specification; OEM wiring and panel terminal numbers pending
TT-GF-04,GF-04 Meeting,AI,0..50 degC,Room sensor at +1.5 m AFFL away from supply jet / sunlight / heat source,Not applicable,"Shielded twisted pair, 4-20 mA proposed; separate from power, shield earth at panel end; supply / isolator per OEM","Maintain visible tag, reachable isolation / test / reset and equipment removal path; mounting-specific clearance per OEM","Alarm settings, scaling and response approved during commissioning",D-028 / D-029,Proposed installation specification; OEM wiring and panel terminal numbers pending
RHT-GF-04,GF-04 Meeting,AI,0..100 %RH,Room sensor at +1.5 m AFFL away from supply jet / sunlight / heat source,Not applicable,"Shielded twisted pair, 4-20 mA proposed; separate from power, shield earth at panel end; supply / isolator per OEM","Maintain visible tag, reachable isolation / test / reset and equipment removal path; mounting-specific clearance per OEM","Alarm settings, scaling and response approved during commissioning",D-028 / D-029,Proposed installation specification; OEM wiring and panel terminal numbers pending
DPT-GF-04,GF-04 Meeting,AI,Room: -100..+100 Pa; fan: 0..1000 Pa,Room sensor at +1.5 m AFFL away from supply jet / sunlight / heat source,"(+) room static; (-) sheltered outdoor reference, common datum; prevent wind bias","Shielded twisted pair, 4-20 mA proposed; separate from power, shield earth at panel end; supply / isolator per OEM","Maintain visible tag, reachable isolation / test / reset and equipment removal path; mounting-specific clearance per OEM","Alarm settings, scaling and response approved during commissioning",D-028 / D-029,Proposed installation specification; OEM wiring and panel terminal numbers pending
TSHH-EH-04,EH-04,DI,OEM heater manual-reset trip,At selected equipment / duct; tag references D-012 to D-016,Not applicable,Dry contact to DI proposed; OEM voltage / contact logic and final terminal IDs TBC,"Maintain visible tag, reachable isolation / test / reset and equipment removal path; mounting-specific clearance per OEM","Hardwired heater safety chain; PLC demand cannot override AFS or independent high-limit; confirmed fire stops fans / heaters, manual reset",D-028 / D-029,Proposed installation specification; OEM wiring and panel terminal numbers pending
TT-GF-08,GF-08 Telecom panel,AI,0..50 degC,Room sensor at +1.5 m AFFL away from supply jet / sunlight / heat source,Not applicable,"Shielded twisted pair, 4-20 mA proposed; separate from power, shield earth at panel end; supply / isolator per OEM","Maintain visible tag, reachable isolation / test / reset and equipment removal path; mounting-specific clearance per OEM","Alarm settings, scaling and response approved during commissioning",D-028 / D-029,Proposed installation specification; OEM wiring and panel terminal numbers pending
RHT-GF-08,GF-08 Telecom panel,AI,0..100 %RH,Room sensor at +1.5 m AFFL away from supply jet / sunlight / heat source,Not applicable,"Shielded twisted pair, 4-20 mA proposed; separate from power, shield earth at panel end; supply / isolator per OEM","Maintain visible tag, reachable isolation / test / reset and equipment removal path; mounting-specific clearance per OEM","Alarm settings, scaling and response approved during commissioning",D-028 / D-029,Proposed installation specification; OEM wiring and panel terminal numbers pending
DPT-GF-08,GF-08 Telecom panel,AI,Room: -100..+100 Pa; fan: 0..1000 Pa,Room sensor at +1.5 m AFFL away from supply jet / sunlight / heat source,"(+) room static; (-) sheltered outdoor reference, common datum; prevent wind bias","Shielded twisted pair, 4-20 mA proposed; separate from power, shield earth at panel end; supply / isolator per OEM","Maintain visible tag, reachable isolation / test / reset and equipment removal path; mounting-specific clearance per OEM","Alarm settings, scaling and response approved during commissioning",D-028 / D-029,Proposed installation specification; OEM wiring and panel terminal numbers pending
TT-GF-05,GF-05 Operator console,AI,0..50 degC,Room sensor at +1.5 m AFFL away from supply jet / sunlight / heat source,Not applicable,"Shielded twisted pair, 4-20 mA proposed; separate from power, shield earth at panel end; supply / isolator per OEM","Maintain visible tag, reachable isolation / test / reset and equipment removal path; mounting-specific clearance per OEM","Alarm settings, scaling and response approved during commissioning",D-028 / D-029,Proposed installation specification; OEM wiring and panel terminal numbers pending
RHT-GF-05,GF-05 Operator console,AI,0..100 %RH,Room sensor at +1.5 m AFFL away from supply jet / sunlight / heat source,Not applicable,"Shielded twisted pair, 4-20 mA proposed; separate from power, shield earth at panel end; supply / isolator per OEM","Maintain visible tag, reachable isolation / test / reset and equipment removal path; mounting-specific clearance per OEM","Alarm settings, scaling and response approved during commissioning",D-028 / D-029,Proposed installation specification; OEM wiring and panel terminal numbers pending
DPT-GF-05,GF-05 Operator console,AI,Room: -100..+100 Pa; fan: 0..1000 Pa,Room sensor at +1.5 m AFFL away from supply jet / sunlight / heat source,"(+) room static; (-) sheltered outdoor reference, common datum; prevent wind bias","Shielded twisted pair, 4-20 mA proposed; separate from power, shield earth at panel end; supply / isolator per OEM","Maintain visible tag, reachable isolation / test / reset and equipment removal path; mounting-specific clearance per OEM","Alarm settings, scaling and response approved during commissioning",D-028 / D-029,Proposed installation specification; OEM wiring and panel terminal numbers pending
TSHH-EH-05,EH-05,DI,OEM heater manual-reset trip,At selected equipment / duct; tag references D-012 to D-016,Not applicable,Dry contact to DI proposed; OEM voltage / contact logic and final terminal IDs TBC,"Maintain visible tag, reachable isolation / test / reset and equipment removal path; mounting-specific clearance per OEM","Hardwired heater safety chain; PLC demand cannot override AFS or independent high-limit; confirmed fire stops fans / heaters, manual reset",D-028 / D-029,Proposed installation specification; OEM wiring and panel terminal numbers pending
TT-GF-06,GF-06 Reception / corridor,AI,0..50 degC,Room sensor at +1.5 m AFFL away from supply jet / sunlight / heat source,Not applicable,"Shielded twisted pair, 4-20 mA proposed; separate from power, shield earth at panel end; supply / isolator per OEM","Maintain visible tag, reachable isolation / test / reset and equipment removal path; mounting-specific clearance per OEM","Alarm settings, scaling and response approved during commissioning",D-028 / D-029,Proposed installation specification; OEM wiring and panel terminal numbers pending
RHT-GF-06,GF-06 Reception / corridor,AI,0..100 %RH,Room sensor at +1.5 m AFFL away from supply jet / sunlight / heat source,Not applicable,"Shielded twisted pair, 4-20 mA proposed; separate from power, shield earth at panel end; supply / isolator per OEM","Maintain visible tag, reachable isolation / test / reset and equipment removal path; mounting-specific clearance per OEM","Alarm settings, scaling and response approved during commissioning",D-028 / D-029,Proposed installation specification; OEM wiring and panel terminal numbers pending
DPT-GF-06,GF-06 Reception / corridor,AI,Room: -100..+100 Pa; fan: 0..1000 Pa,Room sensor at +1.5 m AFFL away from supply jet / sunlight / heat source,"(+) room static; (-) sheltered outdoor reference, common datum; prevent wind bias","Shielded twisted pair, 4-20 mA proposed; separate from power, shield earth at panel end; supply / isolator per OEM","Maintain visible tag, reachable isolation / test / reset and equipment removal path; mounting-specific clearance per OEM","Alarm settings, scaling and response approved during commissioning",D-028 / D-029,Proposed installation specification; OEM wiring and panel terminal numbers pending
TSHH-EH-06,EH-06,DI,OEM heater manual-reset trip,At selected equipment / duct; tag references D-012 to D-016,Not applicable,Dry contact to DI proposed; OEM voltage / contact logic and final terminal IDs TBC,"Maintain visible tag, reachable isolation / test / reset and equipment removal path; mounting-specific clearance per OEM","Hardwired heater safety chain; PLC demand cannot override AFS or independent high-limit; confirmed fire stops fans / heaters, manual reset",D-028 / D-029,Proposed installation specification; OEM wiring and panel terminal numbers pending
TT-GF-09,GF-09 Toilet group: two cubicles,AI,0..50 degC,Room sensor at +1.5 m AFFL away from supply jet / sunlight / heat source,Not applicable,"Shielded twisted pair, 4-20 mA proposed; separate from power, shield earth at panel end; supply / isolator per OEM","Maintain visible tag, reachable isolation / test / reset and equipment removal path; mounting-specific clearance per OEM","Alarm settings, scaling and response approved during commissioning",D-028 / D-029,Proposed installation specification; OEM wiring and panel terminal numbers pending
RHT-GF-09,GF-09 Toilet group: two cubicles,AI,0..100 %RH,Room sensor at +1.5 m AFFL away from supply jet / sunlight / heat source,Not applicable,"Shielded twisted pair, 4-20 mA proposed; separate from power, shield earth at panel end; supply / isolator per OEM","Maintain visible tag, reachable isolation / test / reset and equipment removal path; mounting-specific clearance per OEM","Alarm settings, scaling and response approved during commissioning",D-028 / D-029,Proposed installation specification; OEM wiring and panel terminal numbers pending
DPT-GF-09,GF-09 Toilet group: two cubicles,AI,Room: -100..+100 Pa; fan: 0..1000 Pa,Room sensor at +1.5 m AFFL away from supply jet / sunlight / heat source,"(+) room static; (-) sheltered outdoor reference, common datum; prevent wind bias","Shielded twisted pair, 4-20 mA proposed; separate from power, shield earth at panel end; supply / isolator per OEM","Maintain visible tag, reachable isolation / test / reset and equipment removal path; mounting-specific clearance per OEM","Alarm settings, scaling and response approved during commissioning",D-028 / D-029,Proposed installation specification; OEM wiring and panel terminal numbers pending
TT-GF-07,GF-07 Bedroom / Resting Room,AI,0..50 degC,Room sensor at +1.5 m AFFL away from supply jet / sunlight / heat source,Not applicable,"Shielded twisted pair, 4-20 mA proposed; separate from power, shield earth at panel end; supply / isolator per OEM","Maintain visible tag, reachable isolation / test / reset and equipment removal path; mounting-specific clearance per OEM","Alarm settings, scaling and response approved during commissioning",D-028 / D-029,Proposed installation specification; OEM wiring and panel terminal numbers pending
RHT-GF-07,GF-07 Bedroom / Resting Room,AI,0..100 %RH,Room sensor at +1.5 m AFFL away from supply jet / sunlight / heat source,Not applicable,"Shielded twisted pair, 4-20 mA proposed; separate from power, shield earth at panel end; supply / isolator per OEM","Maintain visible tag, reachable isolation / test / reset and equipment removal path; mounting-specific clearance per OEM","Alarm settings, scaling and response approved during commissioning",D-028 / D-029,Proposed installation specification; OEM wiring and panel terminal numbers pending
DPT-GF-07,GF-07 Bedroom / Resting Room,AI,Room: -100..+100 Pa; fan: 0..1000 Pa,Room sensor at +1.5 m AFFL away from supply jet / sunlight / heat source,"(+) room static; (-) sheltered outdoor reference, common datum; prevent wind bias","Shielded twisted pair, 4-20 mA proposed; separate from power, shield earth at panel end; supply / isolator per OEM","Maintain visible tag, reachable isolation / test / reset and equipment removal path; mounting-specific clearance per OEM","Alarm settings, scaling and response approved during commissioning",D-028 / D-029,Proposed installation specification; OEM wiring and panel terminal numbers pending
TSHH-EH-07,EH-07,DI,OEM heater manual-reset trip,At selected equipment / duct; tag references D-012 to D-016,Not applicable,Dry contact to DI proposed; OEM voltage / contact logic and final terminal IDs TBC,"Maintain visible tag, reachable isolation / test / reset and equipment removal path; mounting-specific clearance per OEM","Hardwired heater safety chain; PLC demand cannot override AFS or independent high-limit; confirmed fire stops fans / heaters, manual reset",D-028 / D-029,Proposed installation specification; OEM wiring and panel terminal numbers pending
TT-GF-03,GF-03 Kitchen / kitchenette,AI,0..50 degC,Room sensor at +1.5 m AFFL away from supply jet / sunlight / heat source,Not applicable,"Shielded twisted pair, 4-20 mA proposed; separate from power, shield earth at panel end; supply / isolator per OEM","Maintain visible tag, reachable isolation / test / reset and equipment removal path; mounting-specific clearance per OEM","Alarm settings, scaling and response approved during commissioning",D-028 / D-029,Proposed installation specification; OEM wiring and panel terminal numbers pending
RHT-GF-03,GF-03 Kitchen / kitchenette,AI,0..100 %RH,Room sensor at +1.5 m AFFL away from supply jet / sunlight / heat source,Not applicable,"Shielded twisted pair, 4-20 mA proposed; separate from power, shield earth at panel end; supply / isolator per OEM","Maintain visible tag, reachable isolation / test / reset and equipment removal path; mounting-specific clearance per OEM","Alarm settings, scaling and response approved during commissioning",D-028 / D-029,Proposed installation specification; OEM wiring and panel terminal numbers pending
DPT-GF-03,GF-03 Kitchen / kitchenette,AI,Room: -100..+100 Pa; fan: 0..1000 Pa,Room sensor at +1.5 m AFFL away from supply jet / sunlight / heat source,"(+) room static; (-) sheltered outdoor reference, common datum; prevent wind bias","Shielded twisted pair, 4-20 mA proposed; separate from power, shield earth at panel end; supply / isolator per OEM","Maintain visible tag, reachable isolation / test / reset and equipment removal path; mounting-specific clearance per OEM","Alarm settings, scaling and response approved during commissioning",D-028 / D-029,Proposed installation specification; OEM wiring and panel terminal numbers pending
TSHH-EH-03,EH-03,DI,OEM heater manual-reset trip,At selected equipment / duct; tag references D-012 to D-016,Not applicable,Dry contact to DI proposed; OEM voltage / contact logic and final terminal IDs TBC,"Maintain visible tag, reachable isolation / test / reset and equipment removal path; mounting-specific clearance per OEM","Hardwired heater safety chain; PLC demand cannot override AFS or independent high-limit; confirmed fire stops fans / heaters, manual reset",D-028 / D-029,Proposed installation specification; OEM wiring and panel terminal numbers pending
TT-GF-01,GF-01 Clean-agent cylinder room,AI,0..50 degC,Room sensor at +1.5 m AFFL away from supply jet / sunlight / heat source,Not applicable,"Shielded twisted pair, 4-20 mA proposed; separate from power, shield earth at panel end; supply / isolator per OEM","Maintain visible tag, reachable isolation / test / reset and equipment removal path; mounting-specific clearance per OEM","Alarm settings, scaling and response approved during commissioning",D-028 / D-029,Proposed installation specification; OEM wiring and panel terminal numbers pending
RHT-GF-01,GF-01 Clean-agent cylinder room,AI,0..100 %RH,Room sensor at +1.5 m AFFL away from supply jet / sunlight / heat source,Not applicable,"Shielded twisted pair, 4-20 mA proposed; separate from power, shield earth at panel end; supply / isolator per OEM","Maintain visible tag, reachable isolation / test / reset and equipment removal path; mounting-specific clearance per OEM","Alarm settings, scaling and response approved during commissioning",D-028 / D-029,Proposed installation specification; OEM wiring and panel terminal numbers pending
DPT-GF-01,GF-01 Clean-agent cylinder room,AI,Room: -100..+100 Pa; fan: 0..1000 Pa,Room sensor at +1.5 m AFFL away from supply jet / sunlight / heat source,"(+) room static; (-) sheltered outdoor reference, common datum; prevent wind bias","Shielded twisted pair, 4-20 mA proposed; separate from power, shield earth at panel end; supply / isolator per OEM","Maintain visible tag, reachable isolation / test / reset and equipment removal path; mounting-specific clearance per OEM","Alarm settings, scaling and response approved during commissioning",D-028 / D-029,Proposed installation specification; OEM wiring and panel terminal numbers pending
TT-SA-01,Common supply,AI,0..50 degC,At selected equipment / duct; tag references D-012 to D-016,Not applicable,"Shielded twisted pair, 4-20 mA proposed; separate from power, shield earth at panel end; supply / isolator per OEM","Maintain visible tag, reachable isolation / test / reset and equipment removal path; mounting-specific clearance per OEM","Alarm settings, scaling and response approved during commissioning",D-028 / D-029,Proposed installation specification; OEM wiring and panel terminal numbers pending
TT-RA-01,Common return,AI,0..50 degC,At selected equipment / duct; tag references D-012 to D-016,Not applicable,"Shielded twisted pair, 4-20 mA proposed; separate from power, shield earth at panel end; supply / isolator per OEM","Maintain visible tag, reachable isolation / test / reset and equipment removal path; mounting-specific clearance per OEM","Alarm settings, scaling and response approved during commissioning",D-028 / D-029,Proposed installation specification; OEM wiring and panel terminal numbers pending
RHT-RA-01,Common return,AI,0..100 %RH,At selected equipment / duct; tag references D-012 to D-016,Not applicable,"Shielded twisted pair, 4-20 mA proposed; separate from power, shield earth at panel end; supply / isolator per OEM","Maintain visible tag, reachable isolation / test / reset and equipment removal path; mounting-specific clearance per OEM","Alarm settings, scaling and response approved during commissioning",D-028 / D-029,Proposed installation specification; OEM wiring and panel terminal numbers pending
FIT-SA-01,Common supply straight length per manufacturer,AI,0..5000 L/s,At selected equipment / duct; tag references D-012 to D-016,"OEM measurement array / station; reserve 5Dh upstream and 3Dh downstream as screening allowance, not approved OEM minimum","Shielded twisted pair, 4-20 mA proposed; separate from power, shield earth at panel end; supply / isolator per OEM","Maintain visible tag, reachable isolation / test / reset and equipment removal path; mounting-specific clearance per OEM","Alarm settings, scaling and response approved during commissioning",D-028 / D-029,Proposed installation specification; OEM wiring and panel terminal numbers pending
FIT-RA-01,Common return straight length per manufacturer,AI,0..5000 L/s,At selected equipment / duct; tag references D-012 to D-016,"OEM measurement array / station; reserve 5Dh upstream and 3Dh downstream as screening allowance, not approved OEM minimum","Shielded twisted pair, 4-20 mA proposed; separate from power, shield earth at panel end; supply / isolator per OEM","Maintain visible tag, reachable isolation / test / reset and equipment removal path; mounting-specific clearance per OEM","Alarm settings, scaling and response approved during commissioning",D-028 / D-029,Proposed installation specification; OEM wiring and panel terminal numbers pending
PDT-OA-01,F-OA-01,AI,0..1000 Pa,At selected equipment / duct; tag references D-012 to D-016,(+) upstream; (-) downstream; separate labelled static taps and isolation / test ports; no facing-flow pickup,"Shielded twisted pair, 4-20 mA proposed; separate from power, shield earth at panel end; supply / isolator per OEM","Maintain visible tag, reachable isolation / test / reset and equipment removal path; mounting-specific clearance per OEM","Alarm settings, scaling and response approved during commissioning",D-028 / D-029,Proposed installation specification; OEM wiring and panel terminal numbers pending
PDI-OA-01,F-OA-01,LOCAL,0..1000 Pa,At selected equipment / duct; tag references D-012 to D-016,(+) upstream; (-) downstream; separate labelled static taps and isolation / test ports; no facing-flow pickup,Local indication; no PLC channel,"Maintain visible tag, reachable isolation / test / reset and equipment removal path; mounting-specific clearance per OEM","Alarm settings, scaling and response approved during commissioning",D-028 / D-029,Proposed installation specification; OEM wiring and panel terminal numbers pending
TSHH-EH-COM-01,EH-COM-01,DI,OEM heater manual-reset trip,At selected equipment / duct; tag references D-012 to D-016,Not applicable,Dry contact to DI proposed; OEM voltage / contact logic and final terminal IDs TBC,"Maintain visible tag, reachable isolation / test / reset and equipment removal path; mounting-specific clearance per OEM","Hardwired heater safety chain; PLC demand cannot override AFS or independent high-limit; confirmed fire stops fans / heaters, manual reset",D-028 / D-029,Proposed installation specification; OEM wiring and panel terminal numbers pending
PDT-F1-A,PAU-A filter 1,AI,0..1000 Pa,At selected equipment / duct; tag references D-012 to D-016,(+) upstream; (-) downstream; separate labelled static taps and isolation / test ports; no facing-flow pickup,"Shielded twisted pair, 4-20 mA proposed; separate from power, shield earth at panel end; supply / isolator per OEM","Maintain visible tag, reachable isolation / test / reset and equipment removal path; mounting-specific clearance per OEM","Alarm settings, scaling and response approved during commissioning",D-028 / D-029,Proposed installation specification; OEM wiring and panel terminal numbers pending
PDI-F1-A,PAU-A filter 1,LOCAL,0..1000 Pa,At selected equipment / duct; tag references D-012 to D-016,(+) upstream; (-) downstream; separate labelled static taps and isolation / test ports; no facing-flow pickup,Local indication; no PLC channel,"Maintain visible tag, reachable isolation / test / reset and equipment removal path; mounting-specific clearance per OEM","Alarm settings, scaling and response approved during commissioning",D-028 / D-029,Proposed installation specification; OEM wiring and panel terminal numbers pending
PDT-F2-A,PAU-A filter 2,AI,0..1000 Pa,At selected equipment / duct; tag references D-012 to D-016,(+) upstream; (-) downstream; separate labelled static taps and isolation / test ports; no facing-flow pickup,"Shielded twisted pair, 4-20 mA proposed; separate from power, shield earth at panel end; supply / isolator per OEM","Maintain visible tag, reachable isolation / test / reset and equipment removal path; mounting-specific clearance per OEM","Alarm settings, scaling and response approved during commissioning",D-028 / D-029,Proposed installation specification; OEM wiring and panel terminal numbers pending
PDI-F2-A,PAU-A filter 2,LOCAL,0..1000 Pa,At selected equipment / duct; tag references D-012 to D-016,(+) upstream; (-) downstream; separate labelled static taps and isolation / test ports; no facing-flow pickup,Local indication; no PLC channel,"Maintain visible tag, reachable isolation / test / reset and equipment removal path; mounting-specific clearance per OEM","Alarm settings, scaling and response approved during commissioning",D-028 / D-029,Proposed installation specification; OEM wiring and panel terminal numbers pending
DPT-SF-A,PAU-A fan,AI,Room: -100..+100 Pa; fan: 0..1000 Pa,At selected equipment / duct; tag references D-012 to D-016,(+) upstream; (-) downstream; separate labelled static taps and isolation / test ports; no facing-flow pickup,"Shielded twisted pair, 4-20 mA proposed; separate from power, shield earth at panel end; supply / isolator per OEM","Maintain visible tag, reachable isolation / test / reset and equipment removal path; mounting-specific clearance per OEM","Alarm settings, scaling and response approved during commissioning",D-028 / D-029,Proposed installation specification; OEM wiring and panel terminal numbers pending
VS-PAU-A,PAU-A frame / fan bearing,AI,0..25 mm/s RMS,At selected equipment / duct; tag references D-012 to D-016,Not applicable,"Shielded twisted pair, 4-20 mA proposed; separate from power, shield earth at panel end; supply / isolator per OEM","Maintain visible tag, reachable isolation / test / reset and equipment removal path; mounting-specific clearance per OEM","Alarm settings, scaling and response approved during commissioning",D-028 / D-029,Proposed installation specification; OEM wiring and panel terminal numbers pending
PDT-F1-B,PAU-B filter 1,AI,0..1000 Pa,At selected equipment / duct; tag references D-012 to D-016,(+) upstream; (-) downstream; separate labelled static taps and isolation / test ports; no facing-flow pickup,"Shielded twisted pair, 4-20 mA proposed; separate from power, shield earth at panel end; supply / isolator per OEM","Maintain visible tag, reachable isolation / test / reset and equipment removal path; mounting-specific clearance per OEM","Alarm settings, scaling and response approved during commissioning",D-028 / D-029,Proposed installation specification; OEM wiring and panel terminal numbers pending
PDI-F1-B,PAU-B filter 1,LOCAL,0..1000 Pa,At selected equipment / duct; tag references D-012 to D-016,(+) upstream; (-) downstream; separate labelled static taps and isolation / test ports; no facing-flow pickup,Local indication; no PLC channel,"Maintain visible tag, reachable isolation / test / reset and equipment removal path; mounting-specific clearance per OEM","Alarm settings, scaling and response approved during commissioning",D-028 / D-029,Proposed installation specification; OEM wiring and panel terminal numbers pending
PDT-F2-B,PAU-B filter 2,AI,0..1000 Pa,At selected equipment / duct; tag references D-012 to D-016,(+) upstream; (-) downstream; separate labelled static taps and isolation / test ports; no facing-flow pickup,"Shielded twisted pair, 4-20 mA proposed; separate from power, shield earth at panel end; supply / isolator per OEM","Maintain visible tag, reachable isolation / test / reset and equipment removal path; mounting-specific clearance per OEM","Alarm settings, scaling and response approved during commissioning",D-028 / D-029,Proposed installation specification; OEM wiring and panel terminal numbers pending
PDI-F2-B,PAU-B filter 2,LOCAL,0..1000 Pa,At selected equipment / duct; tag references D-012 to D-016,(+) upstream; (-) downstream; separate labelled static taps and isolation / test ports; no facing-flow pickup,Local indication; no PLC channel,"Maintain visible tag, reachable isolation / test / reset and equipment removal path; mounting-specific clearance per OEM","Alarm settings, scaling and response approved during commissioning",D-028 / D-029,Proposed installation specification; OEM wiring and panel terminal numbers pending
DPT-SF-B,PAU-B fan,AI,Room: -100..+100 Pa; fan: 0..1000 Pa,At selected equipment / duct; tag references D-012 to D-016,(+) upstream; (-) downstream; separate labelled static taps and isolation / test ports; no facing-flow pickup,"Shielded twisted pair, 4-20 mA proposed; separate from power, shield earth at panel end; supply / isolator per OEM","Maintain visible tag, reachable isolation / test / reset and equipment removal path; mounting-specific clearance per OEM","Alarm settings, scaling and response approved during commissioning",D-028 / D-029,Proposed installation specification; OEM wiring and panel terminal numbers pending
VS-PAU-B,PAU-B frame / fan bearing,AI,0..25 mm/s RMS,At selected equipment / duct; tag references D-012 to D-016,Not applicable,"Shielded twisted pair, 4-20 mA proposed; separate from power, shield earth at panel end; supply / isolator per OEM","Maintain visible tag, reachable isolation / test / reset and equipment removal path; mounting-specific clearance per OEM","Alarm settings, scaling and response approved during commissioning",D-028 / D-029,Proposed installation specification; OEM wiring and panel terminal numbers pending
PDT-F1-C,PAU-C filter 1,AI,0..1000 Pa,At selected equipment / duct; tag references D-012 to D-016,(+) upstream; (-) downstream; separate labelled static taps and isolation / test ports; no facing-flow pickup,"Shielded twisted pair, 4-20 mA proposed; separate from power, shield earth at panel end; supply / isolator per OEM","Maintain visible tag, reachable isolation / test / reset and equipment removal path; mounting-specific clearance per OEM","Alarm settings, scaling and response approved during commissioning",D-028 / D-029,Proposed installation specification; OEM wiring and panel terminal numbers pending
PDI-F1-C,PAU-C filter 1,LOCAL,0..1000 Pa,At selected equipment / duct; tag references D-012 to D-016,(+) upstream; (-) downstream; separate labelled static taps and isolation / test ports; no facing-flow pickup,Local indication; no PLC channel,"Maintain visible tag, reachable isolation / test / reset and equipment removal path; mounting-specific clearance per OEM","Alarm settings, scaling and response approved during commissioning",D-028 / D-029,Proposed installation specification; OEM wiring and panel terminal numbers pending
PDT-F2-C,PAU-C filter 2,AI,0..1000 Pa,At selected equipment / duct; tag references D-012 to D-016,(+) upstream; (-) downstream; separate labelled static taps and isolation / test ports; no facing-flow pickup,"Shielded twisted pair, 4-20 mA proposed; separate from power, shield earth at panel end; supply / isolator per OEM","Maintain visible tag, reachable isolation / test / reset and equipment removal path; mounting-specific clearance per OEM","Alarm settings, scaling and response approved during commissioning",D-028 / D-029,Proposed installation specification; OEM wiring and panel terminal numbers pending
PDI-F2-C,PAU-C filter 2,LOCAL,0..1000 Pa,At selected equipment / duct; tag references D-012 to D-016,(+) upstream; (-) downstream; separate labelled static taps and isolation / test ports; no facing-flow pickup,Local indication; no PLC channel,"Maintain visible tag, reachable isolation / test / reset and equipment removal path; mounting-specific clearance per OEM","Alarm settings, scaling and response approved during commissioning",D-028 / D-029,Proposed installation specification; OEM wiring and panel terminal numbers pending
DPT-SF-C,PAU-C fan,AI,Room: -100..+100 Pa; fan: 0..1000 Pa,At selected equipment / duct; tag references D-012 to D-016,(+) upstream; (-) downstream; separate labelled static taps and isolation / test ports; no facing-flow pickup,"Shielded twisted pair, 4-20 mA proposed; separate from power, shield earth at panel end; supply / isolator per OEM","Maintain visible tag, reachable isolation / test / reset and equipment removal path; mounting-specific clearance per OEM","Alarm settings, scaling and response approved during commissioning",D-028 / D-029,Proposed installation specification; OEM wiring and panel terminal numbers pending
VS-PAU-C,PAU-C frame / fan bearing,AI,0..25 mm/s RMS,At selected equipment / duct; tag references D-012 to D-016,Not applicable,"Shielded twisted pair, 4-20 mA proposed; separate from power, shield earth at panel end; supply / isolator per OEM","Maintain visible tag, reachable isolation / test / reset and equipment removal path; mounting-specific clearance per OEM","Alarm settings, scaling and response approved during commissioning",D-028 / D-029,Proposed installation specification; OEM wiring and panel terminal numbers pending
DPT-EF-03-01,EF-03-01,AI,Room: -100..+100 Pa; fan: 0..1000 Pa,At selected equipment / duct; tag references D-012 to D-016,(+) upstream; (-) downstream; separate labelled static taps and isolation / test ports; no facing-flow pickup,"Shielded twisted pair, 4-20 mA proposed; separate from power, shield earth at panel end; supply / isolator per OEM","Maintain visible tag, reachable isolation / test / reset and equipment removal path; mounting-specific clearance per OEM","Alarm settings, scaling and response approved during commissioning",D-028 / D-029,Proposed installation specification; OEM wiring and panel terminal numbers pending
VS-EF-03-01,EF-03-01,AI,0..25 mm/s RMS,At selected equipment / duct; tag references D-012 to D-016,Not applicable,"Shielded twisted pair, 4-20 mA proposed; separate from power, shield earth at panel end; supply / isolator per OEM","Maintain visible tag, reachable isolation / test / reset and equipment removal path; mounting-specific clearance per OEM","Alarm settings, scaling and response approved during commissioning",D-028 / D-029,Proposed installation specification; OEM wiring and panel terminal numbers pending
DPT-EF-03-02,EF-03-02,AI,Room: -100..+100 Pa; fan: 0..1000 Pa,At selected equipment / duct; tag references D-012 to D-016,(+) upstream; (-) downstream; separate labelled static taps and isolation / test ports; no facing-flow pickup,"Shielded twisted pair, 4-20 mA proposed; separate from power, shield earth at panel end; supply / isolator per OEM","Maintain visible tag, reachable isolation / test / reset and equipment removal path; mounting-specific clearance per OEM","Alarm settings, scaling and response approved during commissioning",D-028 / D-029,Proposed installation specification; OEM wiring and panel terminal numbers pending
VS-EF-03-02,EF-03-02,AI,0..25 mm/s RMS,At selected equipment / duct; tag references D-012 to D-016,Not applicable,"Shielded twisted pair, 4-20 mA proposed; separate from power, shield earth at panel end; supply / isolator per OEM","Maintain visible tag, reachable isolation / test / reset and equipment removal path; mounting-specific clearance per OEM","Alarm settings, scaling and response approved during commissioning",D-028 / D-029,Proposed installation specification; OEM wiring and panel terminal numbers pending
DPT-EF-09-01,EF-09-01,AI,Room: -100..+100 Pa; fan: 0..1000 Pa,At selected equipment / duct; tag references D-012 to D-016,(+) upstream; (-) downstream; separate labelled static taps and isolation / test ports; no facing-flow pickup,"Shielded twisted pair, 4-20 mA proposed; separate from power, shield earth at panel end; supply / isolator per OEM","Maintain visible tag, reachable isolation / test / reset and equipment removal path; mounting-specific clearance per OEM","Alarm settings, scaling and response approved during commissioning",D-028 / D-029,Proposed installation specification; OEM wiring and panel terminal numbers pending
VS-EF-09-01,EF-09-01,AI,0..25 mm/s RMS,At selected equipment / duct; tag references D-012 to D-016,Not applicable,"Shielded twisted pair, 4-20 mA proposed; separate from power, shield earth at panel end; supply / isolator per OEM","Maintain visible tag, reachable isolation / test / reset and equipment removal path; mounting-specific clearance per OEM","Alarm settings, scaling and response approved during commissioning",D-028 / D-029,Proposed installation specification; OEM wiring and panel terminal numbers pending
DPT-EF-09-02,EF-09-02,AI,Room: -100..+100 Pa; fan: 0..1000 Pa,At selected equipment / duct; tag references D-012 to D-016,(+) upstream; (-) downstream; separate labelled static taps and isolation / test ports; no facing-flow pickup,"Shielded twisted pair, 4-20 mA proposed; separate from power, shield earth at panel end; supply / isolator per OEM","Maintain visible tag, reachable isolation / test / reset and equipment removal path; mounting-specific clearance per OEM","Alarm settings, scaling and response approved during commissioning",D-028 / D-029,Proposed installation specification; OEM wiring and panel terminal numbers pending
VS-EF-09-02,EF-09-02,AI,0..25 mm/s RMS,At selected equipment / duct; tag references D-012 to D-016,Not applicable,"Shielded twisted pair, 4-20 mA proposed; separate from power, shield earth at panel end; supply / isolator per OEM","Maintain visible tag, reachable isolation / test / reset and equipment removal path; mounting-specific clearance per OEM","Alarm settings, scaling and response approved during commissioning",D-028 / D-029,Proposed installation specification; OEM wiring and panel terminal numbers pending
DPT-EF-01-01,EF-01-01,AI,Room: -100..+100 Pa; fan: 0..1000 Pa,At selected equipment / duct; tag references D-012 to D-016,(+) upstream; (-) downstream; separate labelled static taps and isolation / test ports; no facing-flow pickup,"Shielded twisted pair, 4-20 mA proposed; separate from power, shield earth at panel end; supply / isolator per OEM","Maintain visible tag, reachable isolation / test / reset and equipment removal path; mounting-specific clearance per OEM","Alarm settings, scaling and response approved during commissioning",D-028 / D-029,Proposed installation specification; OEM wiring and panel terminal numbers pending
VS-EF-01-01,EF-01-01,AI,0..25 mm/s RMS,At selected equipment / duct; tag references D-012 to D-016,Not applicable,"Shielded twisted pair, 4-20 mA proposed; separate from power, shield earth at panel end; supply / isolator per OEM","Maintain visible tag, reachable isolation / test / reset and equipment removal path; mounting-specific clearance per OEM","Alarm settings, scaling and response approved during commissioning",D-028 / D-029,Proposed installation specification; OEM wiring and panel terminal numbers pending
DPT-SF-B1-01,SF-B1-01,AI,Room: -100..+100 Pa; fan: 0..1000 Pa,At selected equipment / duct; tag references D-012 to D-016,"(+) room static; (-) sheltered outdoor reference, common datum; prevent wind bias","Shielded twisted pair, 4-20 mA proposed; separate from power, shield earth at panel end; supply / isolator per OEM","Maintain visible tag, reachable isolation / test / reset and equipment removal path; mounting-specific clearance per OEM","Alarm settings, scaling and response approved during commissioning",D-028 / D-029,Proposed installation specification; OEM wiring and panel terminal numbers pending
VS-SF-B1-01,SF-B1-01,AI,0..25 mm/s RMS,At selected equipment / duct; tag references D-012 to D-016,Not applicable,"Shielded twisted pair, 4-20 mA proposed; separate from power, shield earth at panel end; supply / isolator per OEM","Maintain visible tag, reachable isolation / test / reset and equipment removal path; mounting-specific clearance per OEM","Alarm settings, scaling and response approved during commissioning",D-028 / D-029,Proposed installation specification; OEM wiring and panel terminal numbers pending
DPT-SF-B1-02,SF-B1-02,AI,Room: -100..+100 Pa; fan: 0..1000 Pa,At selected equipment / duct; tag references D-012 to D-016,(+) upstream; (-) downstream; separate labelled static taps and isolation / test ports; no facing-flow pickup,"Shielded twisted pair, 4-20 mA proposed; separate from power, shield earth at panel end; supply / isolator per OEM","Maintain visible tag, reachable isolation / test / reset and equipment removal path; mounting-specific clearance per OEM","Alarm settings, scaling and response approved during commissioning",D-028 / D-029,Proposed installation specification; OEM wiring and panel terminal numbers pending
VS-SF-B1-02,SF-B1-02,AI,0..25 mm/s RMS,At selected equipment / duct; tag references D-012 to D-016,Not applicable,"Shielded twisted pair, 4-20 mA proposed; separate from power, shield earth at panel end; supply / isolator per OEM","Maintain visible tag, reachable isolation / test / reset and equipment removal path; mounting-specific clearance per OEM","Alarm settings, scaling and response approved during commissioning",D-028 / D-029,Proposed installation specification; OEM wiring and panel terminal numbers pending
DPT-EF-B1-01,EF-B1-01,AI,Room: -100..+100 Pa; fan: 0..1000 Pa,At selected equipment / duct; tag references D-012 to D-016,"(+) room static; (-) sheltered outdoor reference, common datum; prevent wind bias","Shielded twisted pair, 4-20 mA proposed; separate from power, shield earth at panel end; supply / isolator per OEM","Maintain visible tag, reachable isolation / test / reset and equipment removal path; mounting-specific clearance per OEM","Alarm settings, scaling and response approved during commissioning",D-028 / D-029,Proposed installation specification; OEM wiring and panel terminal numbers pending
VS-EF-B1-01,EF-B1-01,AI,0..25 mm/s RMS,At selected equipment / duct; tag references D-012 to D-016,Not applicable,"Shielded twisted pair, 4-20 mA proposed; separate from power, shield earth at panel end; supply / isolator per OEM","Maintain visible tag, reachable isolation / test / reset and equipment removal path; mounting-specific clearance per OEM","Alarm settings, scaling and response approved during commissioning",D-028 / D-029,Proposed installation specification; OEM wiring and panel terminal numbers pending
DPT-EF-B1-02,EF-B1-02,AI,Room: -100..+100 Pa; fan: 0..1000 Pa,At selected equipment / duct; tag references D-012 to D-016,(+) upstream; (-) downstream; separate labelled static taps and isolation / test ports; no facing-flow pickup,"Shielded twisted pair, 4-20 mA proposed; separate from power, shield earth at panel end; supply / isolator per OEM","Maintain visible tag, reachable isolation / test / reset and equipment removal path; mounting-specific clearance per OEM","Alarm settings, scaling and response approved during commissioning",D-028 / D-029,Proposed installation specification; OEM wiring and panel terminal numbers pending
VS-EF-B1-02,EF-B1-02,AI,0..25 mm/s RMS,At selected equipment / duct; tag references D-012 to D-016,Not applicable,"Shielded twisted pair, 4-20 mA proposed; separate from power, shield earth at panel end; supply / isolator per OEM","Maintain visible tag, reachable isolation / test / reset and equipment removal path; mounting-specific clearance per OEM","Alarm settings, scaling and response approved during commissioning",D-028 / D-029,Proposed installation specification; OEM wiring and panel terminal numbers pending
TT-B1-01,Cable basement,AI,0..50 degC,Room sensor at +1.5 m AFFL away from supply jet / sunlight / heat source,Not applicable,"Shielded twisted pair, 4-20 mA proposed; separate from power, shield earth at panel end; supply / isolator per OEM","Maintain visible tag, reachable isolation / test / reset and equipment removal path; mounting-specific clearance per OEM","Alarm settings, scaling and response approved during commissioning",D-028 / D-029,Proposed installation specification; OEM wiring and panel terminal numbers pending
DPT-B1-01,Cable basement,AI,Room: -100..+100 Pa; fan: 0..1000 Pa,At selected equipment / duct; tag references D-012 to D-016,"(+) room static; (-) sheltered outdoor reference, common datum; prevent wind bias","Shielded twisted pair, 4-20 mA proposed; separate from power, shield earth at panel end; supply / isolator per OEM","Maintain visible tag, reachable isolation / test / reset and equipment removal path; mounting-specific clearance per OEM","Alarm settings, scaling and response approved during commissioning",D-028 / D-029,Proposed installation specification; OEM wiring and panel terminal numbers pending
EM-HPCP-01,HPCP feeders >7.5 kW,COMM,Feeder voltage / CT ratio / protocol per approved electrical design,At selected equipment / duct; tag references D-012 to D-016,Not applicable,Meter communication: protocol / address / isolation / termination TBC,"Maintain visible tag, reachable isolation / test / reset and equipment removal path; mounting-specific clearance per OEM","Alarm settings, scaling and response approved during commissioning",D-028 / D-029,Proposed installation specification; OEM wiring and panel terminal numbers pending
AFS-EH-04,Electric heater EH-04,DI,OEM flow-proof setpoint,At selected equipment / duct; tag references D-012 to D-016,Not applicable,Dry contact to DI proposed; OEM voltage / contact logic and final terminal IDs TBC,"Maintain visible tag, reachable isolation / test / reset and equipment removal path; mounting-specific clearance per OEM","Hardwired heater safety chain; PLC demand cannot override AFS or independent high-limit; confirmed fire stops fans / heaters, manual reset",D-028 / D-029,Proposed installation specification; OEM wiring and panel terminal numbers pending
AFS-EH-05,Electric heater EH-05,DI,OEM flow-proof setpoint,At selected equipment / duct; tag references D-012 to D-016,Not applicable,Dry contact to DI proposed; OEM voltage / contact logic and final terminal IDs TBC,"Maintain visible tag, reachable isolation / test / reset and equipment removal path; mounting-specific clearance per OEM","Hardwired heater safety chain; PLC demand cannot override AFS or independent high-limit; confirmed fire stops fans / heaters, manual reset",D-028 / D-029,Proposed installation specification; OEM wiring and panel terminal numbers pending
AFS-EH-06,Electric heater EH-06,DI,OEM flow-proof setpoint,At selected equipment / duct; tag references D-012 to D-016,Not applicable,Dry contact to DI proposed; OEM voltage / contact logic and final terminal IDs TBC,"Maintain visible tag, reachable isolation / test / reset and equipment removal path; mounting-specific clearance per OEM","Hardwired heater safety chain; PLC demand cannot override AFS or independent high-limit; confirmed fire stops fans / heaters, manual reset",D-028 / D-029,Proposed installation specification; OEM wiring and panel terminal numbers pending
AFS-EH-07,Electric heater EH-07,DI,OEM flow-proof setpoint,At selected equipment / duct; tag references D-012 to D-016,Not applicable,Dry contact to DI proposed; OEM voltage / contact logic and final terminal IDs TBC,"Maintain visible tag, reachable isolation / test / reset and equipment removal path; mounting-specific clearance per OEM","Hardwired heater safety chain; PLC demand cannot override AFS or independent high-limit; confirmed fire stops fans / heaters, manual reset",D-028 / D-029,Proposed installation specification; OEM wiring and panel terminal numbers pending
AFS-EH-03,Electric heater EH-03,DI,OEM flow-proof setpoint,At selected equipment / duct; tag references D-012 to D-016,Not applicable,Dry contact to DI proposed; OEM voltage / contact logic and final terminal IDs TBC,"Maintain visible tag, reachable isolation / test / reset and equipment removal path; mounting-specific clearance per OEM","Hardwired heater safety chain; PLC demand cannot override AFS or independent high-limit; confirmed fire stops fans / heaters, manual reset",D-028 / D-029,Proposed installation specification; OEM wiring and panel terminal numbers pending
AFS-EH-COM-01,Electric heater EH-COM-01,DI,OEM flow-proof setpoint,At selected equipment / duct; tag references D-012 to D-016,Not applicable,Dry contact to DI proposed; OEM voltage / contact logic and final terminal IDs TBC,"Maintain visible tag, reachable isolation / test / reset and equipment removal path; mounting-specific clearance per OEM","Hardwired heater safety chain; PLC demand cannot override AFS or independent high-limit; confirmed fire stops fans / heaters, manual reset",D-028 / D-029,Proposed installation specification; OEM wiring and panel terminal numbers pending
