tag,air_type,room_takeoff,flow_before_takeoff_l_s,takeoff_l_s,flow_after_takeoff_l_s,clear_width_mm,clear_depth_mm,velocity_m_s,straight_friction_pa_m,installed_length_m,status
SA-M01,SA,02,3697.8,664.8,3033.0,600,1300,4.740769,0.26037,TBC - surveyed route required,Functional sequential room-flow accounting only; actual grouped roof routes and 31 segment duties are in Roof_routes_Rev12 / MDR-012
SA-M02,SA,04,3033.0,449.2,2583.8,600,1300,3.888462,0.180483,TBC - surveyed route required,Functional sequential room-flow accounting only; actual grouped roof routes and 31 segment duties are in Roof_routes_Rev12 / MDR-012
SA-M03,SA,08,2583.8,884.6,1699.2000000000003,600,1300,3.312564,0.134355,TBC - surveyed route required,Functional sequential room-flow accounting only; actual grouped roof routes and 31 segment duties are in Roof_routes_Rev12 / MDR-012
SA-M04,SA,05,1699.2,777.7,921.5,600,1300,2.178462,0.06241,TBC - surveyed route required,Functional sequential room-flow accounting only; actual grouped roof routes and 31 segment duties are in Roof_routes_Rev12 / MDR-012
SA-M05,SA,06,921.5,418.2,503.3,600,1300,1.18141,0.020616,TBC - surveyed route required,Functional sequential room-flow accounting only; actual grouped roof routes and 31 segment duties are in Roof_routes_Rev12 / MDR-012
SA-M06,SA,09,503.3,46.2,457.1,600,1300,0.645256,0.006985,TBC - surveyed route required,Functional sequential room-flow accounting only; actual grouped roof routes and 31 segment duties are in Roof_routes_Rev12 / MDR-012
SA-M07,SA,07,457.1,168.2,288.90000000000003,600,1300,0.586026,0.005886,TBC - surveyed route required,Functional sequential room-flow accounting only; actual grouped roof routes and 31 segment duties are in Roof_routes_Rev12 / MDR-012
SA-M08,SA,03,288.9,147.6,141.29999999999998,600,1300,0.370385,0.002614,TBC - surveyed route required,Functional sequential room-flow accounting only; actual grouped roof routes and 31 segment duties are in Roof_routes_Rev12 / MDR-012
SA-M09,SA,01,141.3,141.3,0.0,600,1300,0.181154,0.000747,TBC - surveyed route required,Functional sequential room-flow accounting only; actual grouped roof routes and 31 segment duties are in Roof_routes_Rev12 / MDR-012
RA-M01,RA,02,3006.680337621642,605.463389603607,2401.216948018035,700,900,4.772508,0.27718,TBC - surveyed route required,Functional sequential room-flow accounting only; actual grouped roof routes and 31 segment duties are in Roof_routes_Rev12 / MDR-012
RA-M02,RA,04,2401.216948018035,389.863389603607,2011.353558414428,700,900,3.811455,0.182919,TBC - surveyed route required,Functional sequential room-flow accounting only; actual grouped roof routes and 31 segment duties are in Roof_routes_Rev12 / MDR-012
RA-M03,RA,08,2011.353558414428,825.263389603607,1186.090168810821,700,900,3.192625,0.132041,TBC - surveyed route required,Functional sequential room-flow accounting only; actual grouped roof routes and 31 segment duties are in Roof_routes_Rev12 / MDR-012
RA-M04,RA,05,1186.090168810821,718.3633896036071,467.726779207214,700,900,1.882683,0.050352,TBC - surveyed route required,Functional sequential room-flow accounting only; actual grouped roof routes and 31 segment duties are in Roof_routes_Rev12 / MDR-012
RA-M05,RA,06,467.726779207214,358.863389603607,108.863389603607,700,900,0.742423,0.009442,TBC - surveyed route required,Functional sequential room-flow accounting only; actual grouped roof routes and 31 segment duties are in Roof_routes_Rev12 / MDR-012
RA-M06,RA,07,108.863389603607,108.863389603607,0.0,700,900,0.172799,0.000726,TBC - surveyed route required,Functional sequential room-flow accounting only; actual grouped roof routes and 31 segment duties are in Roof_routes_Rev12 / MDR-012
