event,tags,compressor_or_heat,fan_response,damper_response,reset,status
Confirmed fire / E-stop,FIRE/ESD,Stop all affected DX equipment through approved fire/OEM interface,Stop ALL HVAC fans; heaters OFF,Approved fire positions; not inferred from normal isolation,Manual fire reset after clearance,Engineering proposal; final OEM/fire controls approval required
Compressor high pressure,PSH-DX-A|PSH-DX-B|PSH-DX-C,OEM hardwired cutout,OEM safe response; failed unit/changeover as approved,Isolate failed unit if stopped,OEM latch/reset threshold TBC,Engineering proposal; final OEM/fire controls approval required
Low pressure,PSL-DX-A|PSL-DX-B|PSL-DX-C,OEM operating-envelope protection,OEM routine; no bypass,OEM safe state,OEM reset / delay TBC,Engineering proposal; final OEM/fire controls approval required
Evaporator frost,TSLL-DX-A|TSLL-DX-B|TSLL-DX-C,Inhibit / stage through OEM,OEM defrost/anti-freeze routine,Approved OEM positions,OEM anti-freeze strategy TBC,Engineering proposal; final OEM/fire controls approval required
Pan overflow,LSH-DX-A|LSH-DX-B|LSH-DX-C,Proposed inhibit + alarm,OEM safe response,Maintain safe air path,Inspect drain; OEM/manual policy TBC,Engineering proposal; final OEM/fire controls approval required
Compressor overload,OL-CMP-DX-A|OL-CMP-DX-B|OL-CMP-DX-C,Local electrical trip,OEM unit fault/changeover,Isolate stopped unit,Local/OEM reset; fault diagnosis,Engineering proposal; final OEM/fire controls approval required
DX pressure monitoring,PT-SUC-DX-A|PT-SUC-DX-B|PT-SUC-DX-C|PT-LIQ-DX-A|PT-LIQ-DX-B|PT-LIQ-DX-C,Monitoring only; OEM safeties govern,No new safety bypass,No independent command,OEM alarm thresholds TBC,Engineering proposal; final OEM/fire controls approval required
Supply static demand,DPT-SA-M01,OEM cooling/staging logic,Optional fan/VFD control; max TWO duty units,Maintain required room flows,Control range/station/setpoint TBC,Engineering proposal; final OEM/fire controls approval required
Fan proof lost,DPT-SF-A|DPT-SF-B|DPT-SF-C,Compressor/heat permissive inhibited via OEM,Stop failed unit; open/prove standby before start,Close stopped unit to avoid reverse flow,Fault clear / approved changeover,Engineering proposal; final OEM/fire controls approval required
Filter DP high,PDT-F1-A|PDT-F2-A,Alarm / OEM protection as selected,No arbitrary automatic shutdown,Normal duty unless approved protection,Service filter; threshold OEM,Engineering proposal; final OEM/fire controls approval required
Heater airflow/high limit,AFS-EH-COM-01|TSHH-EH-COM-01,DX cooling follows OEM; heater OFF independently,Approved ventilation mode,No safety bypass,Independent heater high-limit reset,Engineering proposal; final OEM/fire controls approval required
Standby / rotation,PAU-A|PAU-B|PAU-C,Stopped unit isolated; duty pair selected,Max two running; prove new air path then controlled transfer,Stopped SA/RA/OA closed/proved,Prove normal duty after transfer,Engineering proposal; final OEM/fire controls approval required
