section,air,room,bare_depth_mm,bare_bod_mm_affl,insulation_mm,lowest_insulated_mm_affl,highest_insulated_mm_affl,slab_clearance_mm,finished_ceiling_mm_affl,ceiling_clearance_mm,status
SA-B02,SA,02,350.0,3400,50,3350,3800.0,200.0,3300,50,"Duct envelope fits only; actual support, flange, actuator and terminal/plenum envelope unverified"
SA-H02-U01,SA,02,350.0,3400,50,3350,3800.0,200.0,3300,50,"Duct envelope fits only; actual support, flange, actuator and terminal/plenum envelope unverified"
SA-H02-D01,SA,02,350.0,3400,50,3350,3800.0,200.0,3300,50,"Duct envelope fits only; actual support, flange, actuator and terminal/plenum envelope unverified"
SA-R02-01,SA,02,350.0,3400,50,3350,3800.0,200.0,3300,50,"Duct envelope fits only; actual support, flange, actuator and terminal/plenum envelope unverified"
SA-R02-02,SA,02,350.0,3400,50,3350,3800.0,200.0,3300,50,"Duct envelope fits only; actual support, flange, actuator and terminal/plenum envelope unverified"
SA-R02-03,SA,02,350.0,3400,50,3350,3800.0,200.0,3300,50,"Duct envelope fits only; actual support, flange, actuator and terminal/plenum envelope unverified"
SA-R02-04,SA,02,350.0,3400,50,3350,3800.0,200.0,3300,50,"Duct envelope fits only; actual support, flange, actuator and terminal/plenum envelope unverified"
RA-B02,RA,02,400.0,3400,50,3350,3850.0,150.0,3300,50,"Duct envelope fits only; actual support, flange, actuator and terminal/plenum envelope unverified"
RA-H02-U01,RA,02,350.0,3400,50,3350,3800.0,200.0,3300,50,"Duct envelope fits only; actual support, flange, actuator and terminal/plenum envelope unverified"
RA-H02-D01,RA,02,350.0,3400,50,3350,3800.0,200.0,3300,50,"Duct envelope fits only; actual support, flange, actuator and terminal/plenum envelope unverified"
RA-R02-01,RA,02,300.0,3400,50,3350,3750.0,250.0,3300,50,"Duct envelope fits only; actual support, flange, actuator and terminal/plenum envelope unverified"
RA-R02-02,RA,02,300.0,3400,50,3350,3750.0,250.0,3300,50,"Duct envelope fits only; actual support, flange, actuator and terminal/plenum envelope unverified"
RA-R02-03,RA,02,300.0,3400,50,3350,3750.0,250.0,3300,50,"Duct envelope fits only; actual support, flange, actuator and terminal/plenum envelope unverified"
RA-R02-04,RA,02,300.0,3400,50,3350,3750.0,250.0,3300,50,"Duct envelope fits only; actual support, flange, actuator and terminal/plenum envelope unverified"
SA-B04,SA,04,400.0,3400,50,3350,3850.0,150.0,3300,50,"Duct envelope fits only; actual support, flange, actuator and terminal/plenum envelope unverified"
SA-H04-U01,SA,04,300.0,3400,50,3350,3750.0,250.0,3300,50,"Duct envelope fits only; actual support, flange, actuator and terminal/plenum envelope unverified"
SA-H04-D01,SA,04,300.0,3400,50,3350,3750.0,250.0,3300,50,"Duct envelope fits only; actual support, flange, actuator and terminal/plenum envelope unverified"
SA-H04-D02,SA,04,300.0,3400,50,3350,3750.0,250.0,3300,50,"Duct envelope fits only; actual support, flange, actuator and terminal/plenum envelope unverified"
SA-R04-01,SA,04,325.0,3400,50,3350,3775.0,225.0,3300,50,"Duct envelope fits only; actual support, flange, actuator and terminal/plenum envelope unverified"
SA-R04-02,SA,04,325.0,3400,50,3350,3775.0,225.0,3300,50,"Duct envelope fits only; actual support, flange, actuator and terminal/plenum envelope unverified"
SA-R04-03,SA,04,325.0,3400,50,3350,3775.0,225.0,3300,50,"Duct envelope fits only; actual support, flange, actuator and terminal/plenum envelope unverified"
RA-B04,RA,04,350.0,3400,50,3350,3800.0,200.0,3300,50,"Duct envelope fits only; actual support, flange, actuator and terminal/plenum envelope unverified"
RA-H04-U01,RA,04,350.0,3400,50,3350,3800.0,200.0,3300,50,"Duct envelope fits only; actual support, flange, actuator and terminal/plenum envelope unverified"
RA-H04-D01,RA,04,350.0,3400,50,3350,3800.0,200.0,3300,50,"Duct envelope fits only; actual support, flange, actuator and terminal/plenum envelope unverified"
RA-H04-D02,RA,04,350.0,3400,50,3350,3800.0,200.0,3300,50,"Duct envelope fits only; actual support, flange, actuator and terminal/plenum envelope unverified"
RA-R04-01,RA,04,300.0,3400,50,3350,3750.0,250.0,3300,50,"Duct envelope fits only; actual support, flange, actuator and terminal/plenum envelope unverified"
RA-R04-02,RA,04,300.0,3400,50,3350,3750.0,250.0,3300,50,"Duct envelope fits only; actual support, flange, actuator and terminal/plenum envelope unverified"
RA-R04-03,RA,04,300.0,3400,50,3350,3750.0,250.0,3300,50,"Duct envelope fits only; actual support, flange, actuator and terminal/plenum envelope unverified"
SA-B08,SA,08,400.0,3400,50,3350,3850.0,150.0,3300,50,"Duct envelope fits only; actual support, flange, actuator and terminal/plenum envelope unverified"
SA-H08-U01,SA,08,400.0,3400,50,3350,3850.0,150.0,3300,50,"Duct envelope fits only; actual support, flange, actuator and terminal/plenum envelope unverified"
SA-H08-D01,SA,08,400.0,3400,50,3350,3850.0,150.0,3300,50,"Duct envelope fits only; actual support, flange, actuator and terminal/plenum envelope unverified"
SA-H08-D02,SA,08,400.0,3400,50,3350,3850.0,150.0,3300,50,"Duct envelope fits only; actual support, flange, actuator and terminal/plenum envelope unverified"
SA-R08-01,SA,08,325.0,3400,50,3350,3775.0,225.0,3300,50,"Duct envelope fits only; actual support, flange, actuator and terminal/plenum envelope unverified"
SA-R08-02,SA,08,325.0,3400,50,3350,3775.0,225.0,3300,50,"Duct envelope fits only; actual support, flange, actuator and terminal/plenum envelope unverified"
SA-R08-03,SA,08,325.0,3400,50,3350,3775.0,225.0,3300,50,"Duct envelope fits only; actual support, flange, actuator and terminal/plenum envelope unverified"
SA-R08-04,SA,08,325.0,3400,50,3350,3775.0,225.0,3300,50,"Duct envelope fits only; actual support, flange, actuator and terminal/plenum envelope unverified"
SA-R08-05,SA,08,325.0,3400,50,3350,3775.0,225.0,3300,50,"Duct envelope fits only; actual support, flange, actuator and terminal/plenum envelope unverified"
SA-R08-06,SA,08,325.0,3400,50,3350,3775.0,225.0,3300,50,"Duct envelope fits only; actual support, flange, actuator and terminal/plenum envelope unverified"
RA-B08,RA,08,400.0,3400,50,3350,3850.0,150.0,3300,50,"Duct envelope fits only; actual support, flange, actuator and terminal/plenum envelope unverified"
RA-H08-U01,RA,08,350.0,3400,50,3350,3800.0,200.0,3300,50,"Duct envelope fits only; actual support, flange, actuator and terminal/plenum envelope unverified"
RA-H08-D01,RA,08,350.0,3400,50,3350,3800.0,200.0,3300,50,"Duct envelope fits only; actual support, flange, actuator and terminal/plenum envelope unverified"
RA-H08-D02,RA,08,350.0,3400,50,3350,3800.0,200.0,3300,50,"Duct envelope fits only; actual support, flange, actuator and terminal/plenum envelope unverified"
RA-R08-01,RA,08,300.0,3400,50,3350,3750.0,250.0,3300,50,"Duct envelope fits only; actual support, flange, actuator and terminal/plenum envelope unverified"
RA-R08-02,RA,08,300.0,3400,50,3350,3750.0,250.0,3300,50,"Duct envelope fits only; actual support, flange, actuator and terminal/plenum envelope unverified"
RA-R08-03,RA,08,300.0,3400,50,3350,3750.0,250.0,3300,50,"Duct envelope fits only; actual support, flange, actuator and terminal/plenum envelope unverified"
RA-R08-04,RA,08,300.0,3400,50,3350,3750.0,250.0,3300,50,"Duct envelope fits only; actual support, flange, actuator and terminal/plenum envelope unverified"
RA-R08-05,RA,08,300.0,3400,50,3350,3750.0,250.0,3300,50,"Duct envelope fits only; actual support, flange, actuator and terminal/plenum envelope unverified"
RA-R08-06,RA,08,300.0,3400,50,3350,3750.0,250.0,3300,50,"Duct envelope fits only; actual support, flange, actuator and terminal/plenum envelope unverified"
SA-B05,SA,05,350.0,3400,50,3350,3800.0,200.0,3300,50,"Duct envelope fits only; actual support, flange, actuator and terminal/plenum envelope unverified"
SA-H05-U01,SA,05,350.0,3400,50,3350,3800.0,200.0,3300,50,"Duct envelope fits only; actual support, flange, actuator and terminal/plenum envelope unverified"
SA-H05-U02,SA,05,350.0,3400,50,3350,3800.0,200.0,3300,50,"Duct envelope fits only; actual support, flange, actuator and terminal/plenum envelope unverified"
SA-H05-U03,SA,05,350.0,3400,50,3350,3800.0,200.0,3300,50,"Duct envelope fits only; actual support, flange, actuator and terminal/plenum envelope unverified"
SA-R05-01,SA,05,325.0,3400,50,3350,3775.0,225.0,3300,50,"Duct envelope fits only; actual support, flange, actuator and terminal/plenum envelope unverified"
SA-R05-02,SA,05,325.0,3400,50,3350,3775.0,225.0,3300,50,"Duct envelope fits only; actual support, flange, actuator and terminal/plenum envelope unverified"
SA-R05-03,SA,05,325.0,3400,50,3350,3775.0,225.0,3300,50,"Duct envelope fits only; actual support, flange, actuator and terminal/plenum envelope unverified"
SA-R05-04,SA,05,325.0,3400,50,3350,3775.0,225.0,3300,50,"Duct envelope fits only; actual support, flange, actuator and terminal/plenum envelope unverified"
SA-R05-05,SA,05,325.0,3400,50,3350,3775.0,225.0,3300,50,"Duct envelope fits only; actual support, flange, actuator and terminal/plenum envelope unverified"
RA-B05,RA,05,400.0,3400,50,3350,3850.0,150.0,3300,50,"Duct envelope fits only; actual support, flange, actuator and terminal/plenum envelope unverified"
RA-H05-U01,RA,05,400.0,3400,50,3350,3850.0,150.0,3300,50,"Duct envelope fits only; actual support, flange, actuator and terminal/plenum envelope unverified"
RA-H05-U02,RA,05,400.0,3400,50,3350,3850.0,150.0,3300,50,"Duct envelope fits only; actual support, flange, actuator and terminal/plenum envelope unverified"
RA-H05-U03,RA,05,400.0,3400,50,3350,3850.0,150.0,3300,50,"Duct envelope fits only; actual support, flange, actuator and terminal/plenum envelope unverified"
RA-H05-D01,RA,05,400.0,3400,50,3350,3850.0,150.0,3300,50,"Duct envelope fits only; actual support, flange, actuator and terminal/plenum envelope unverified"
RA-R05-01,RA,05,300.0,3400,50,3350,3750.0,250.0,3300,50,"Duct envelope fits only; actual support, flange, actuator and terminal/plenum envelope unverified"
RA-R05-02,RA,05,300.0,3400,50,3350,3750.0,250.0,3300,50,"Duct envelope fits only; actual support, flange, actuator and terminal/plenum envelope unverified"
RA-R05-03,RA,05,300.0,3400,50,3350,3750.0,250.0,3300,50,"Duct envelope fits only; actual support, flange, actuator and terminal/plenum envelope unverified"
RA-R05-04,RA,05,300.0,3400,50,3350,3750.0,250.0,3300,50,"Duct envelope fits only; actual support, flange, actuator and terminal/plenum envelope unverified"
RA-R05-05,RA,05,300.0,3400,50,3350,3750.0,250.0,3300,50,"Duct envelope fits only; actual support, flange, actuator and terminal/plenum envelope unverified"
SA-B06,SA,06,300.0,3400,50,3350,3750.0,250.0,3300,50,"Duct envelope fits only; actual support, flange, actuator and terminal/plenum envelope unverified"
SA-H06-D01,SA,06,300.0,3400,50,3350,3750.0,250.0,3300,50,"Duct envelope fits only; actual support, flange, actuator and terminal/plenum envelope unverified"
SA-R06-01,SA,06,300.0,3400,50,3350,3750.0,250.0,3300,50,"Duct envelope fits only; actual support, flange, actuator and terminal/plenum envelope unverified"
SA-R06-02,SA,06,300.0,3400,50,3350,3750.0,250.0,3300,50,"Duct envelope fits only; actual support, flange, actuator and terminal/plenum envelope unverified"
SA-R06-03,SA,06,300.0,3400,50,3350,3750.0,250.0,3300,50,"Duct envelope fits only; actual support, flange, actuator and terminal/plenum envelope unverified"
RA-B06,RA,06,400.0,3400,50,3350,3850.0,150.0,3300,50,"Duct envelope fits only; actual support, flange, actuator and terminal/plenum envelope unverified"
RA-H06-D01,RA,06,400.0,3400,50,3350,3850.0,150.0,3300,50,"Duct envelope fits only; actual support, flange, actuator and terminal/plenum envelope unverified"
RA-R06-01,RA,06,300.0,3400,50,3350,3750.0,250.0,3300,50,"Duct envelope fits only; actual support, flange, actuator and terminal/plenum envelope unverified"
RA-R06-02,RA,06,300.0,3400,50,3350,3750.0,250.0,3300,50,"Duct envelope fits only; actual support, flange, actuator and terminal/plenum envelope unverified"
RA-R06-03,RA,06,300.0,3400,50,3350,3750.0,250.0,3300,50,"Duct envelope fits only; actual support, flange, actuator and terminal/plenum envelope unverified"
RA-R06-04,RA,06,300.0,3400,50,3350,3750.0,250.0,3300,50,"Duct envelope fits only; actual support, flange, actuator and terminal/plenum envelope unverified"
SA-B09,SA,09,150.0,3400,50,3350,3600.0,400.0,3300,50,"Duct envelope fits only; actual support, flange, actuator and terminal/plenum envelope unverified"
SA-H09-D01,SA,09,150.0,3400,50,3350,3600.0,400.0,3300,50,"Duct envelope fits only; actual support, flange, actuator and terminal/plenum envelope unverified"
SA-H09-D02,SA,09,150.0,3400,50,3350,3600.0,400.0,3300,50,"Duct envelope fits only; actual support, flange, actuator and terminal/plenum envelope unverified"
SA-R09-01,SA,09,150.0,3400,50,3350,3600.0,400.0,3300,50,"Duct envelope fits only; actual support, flange, actuator and terminal/plenum envelope unverified"
SA-R09-02,SA,09,150.0,3400,50,3350,3600.0,400.0,3300,50,"Duct envelope fits only; actual support, flange, actuator and terminal/plenum envelope unverified"
SA-B07,SA,07,250.0,3400,50,3350,3700.0,300.0,3300,50,"Duct envelope fits only; actual support, flange, actuator and terminal/plenum envelope unverified"
SA-H07-D01,SA,07,250.0,3400,50,3350,3700.0,300.0,3300,50,"Duct envelope fits only; actual support, flange, actuator and terminal/plenum envelope unverified"
SA-R07-01,SA,07,350.0,3400,50,3350,3800.0,200.0,3300,50,"Duct envelope fits only; actual support, flange, actuator and terminal/plenum envelope unverified"
RA-B07,RA,07,250.0,3400,50,3350,3700.0,300.0,3300,50,"Duct envelope fits only; actual support, flange, actuator and terminal/plenum envelope unverified"
RA-H07-D01,RA,07,250.0,3400,50,3350,3700.0,300.0,3300,50,"Duct envelope fits only; actual support, flange, actuator and terminal/plenum envelope unverified"
RA-R07-01,RA,07,300.0,3400,50,3350,3750.0,250.0,3300,50,"Duct envelope fits only; actual support, flange, actuator and terminal/plenum envelope unverified"
SA-B03,SA,03,200.0,3400,50,3350,3650.0,350.0,3300,50,"Duct envelope fits only; actual support, flange, actuator and terminal/plenum envelope unverified"
SA-H03-D01,SA,03,200.0,3400,50,3350,3650.0,350.0,3300,50,"Duct envelope fits only; actual support, flange, actuator and terminal/plenum envelope unverified"
SA-R03-01,SA,03,325.0,3400,50,3350,3775.0,225.0,3300,50,"Duct envelope fits only; actual support, flange, actuator and terminal/plenum envelope unverified"
SA-B01,SA,01,200.0,3400,50,3350,3650.0,350.0,3300,50,"Duct envelope fits only; actual support, flange, actuator and terminal/plenum envelope unverified"
SA-H01-D01,SA,01,200.0,3400,50,3350,3650.0,350.0,3300,50,"Duct envelope fits only; actual support, flange, actuator and terminal/plenum envelope unverified"
SA-R01-01,SA,01,300.0,3400,50,3350,3750.0,250.0,3300,50,"Duct envelope fits only; actual support, flange, actuator and terminal/plenum envelope unverified"
EA-B09,EA,09,200.0,3400,50,3350,3650.0,350.0,3300,50,"Duct envelope fits only; actual support, flange, actuator and terminal/plenum envelope unverified"
EA-R09-01,EA,09,150.0,3400,50,3350,3600.0,400.0,3300,50,"Duct envelope fits only; actual support, flange, actuator and terminal/plenum envelope unverified"
EA-R09-02,EA,09,150.0,3400,50,3350,3600.0,400.0,3300,50,"Duct envelope fits only; actual support, flange, actuator and terminal/plenum envelope unverified"
EA-B03,EA,03,200.0,3400,50,3350,3650.0,350.0,3300,50,"Duct envelope fits only; actual support, flange, actuator and terminal/plenum envelope unverified"
RA-H05-L01,RA,05,400.0,3400,50,3350,3850.0,150.0,3300,50,"Duct envelope fits only; actual support, flange, actuator and terminal/plenum envelope unverified"
RA-H05-N01,RA,05,400.0,3400,50,3350,3850.0,150.0,3300,50,"Duct envelope fits only; actual support, flange, actuator and terminal/plenum envelope unverified"
RA-H05-E01,RA,05,400.0,3400,50,3350,3850.0,150.0,3300,50,"Duct envelope fits only; actual support, flange, actuator and terminal/plenum envelope unverified"
SA-H06-E01,SA,06,300.0,3400,50,3350,3750.0,250.0,3300,50,"Duct envelope fits only; actual support, flange, actuator and terminal/plenum envelope unverified"
SA-H06-E02,SA,06,300.0,3400,50,3350,3750.0,250.0,3300,50,"Duct envelope fits only; actual support, flange, actuator and terminal/plenum envelope unverified"
RA-H06-L01,RA,06,400.0,3400,50,3350,3850.0,150.0,3300,50,"Duct envelope fits only; actual support, flange, actuator and terminal/plenum envelope unverified"
RA-H06-L02,RA,06,400.0,3400,50,3350,3850.0,150.0,3300,50,"Duct envelope fits only; actual support, flange, actuator and terminal/plenum envelope unverified"
RA-H06-E01,RA,06,400.0,3400,50,3350,3850.0,150.0,3300,50,"Duct envelope fits only; actual support, flange, actuator and terminal/plenum envelope unverified"
RA-H02-E01,RA,02,350.0,3400,50,3350,3800.0,200.0,3300,50,"Duct envelope fits only; actual support, flange, actuator and terminal/plenum envelope unverified"
RA-H02-E02,RA,02,350.0,3400,50,3350,3800.0,200.0,3300,50,"Duct envelope fits only; actual support, flange, actuator and terminal/plenum envelope unverified"
RA-H02-N01,RA,02,350.0,3400,50,3350,3800.0,200.0,3300,50,"Duct envelope fits only; actual support, flange, actuator and terminal/plenum envelope unverified"
RA-H02-N02,RA,02,350.0,3400,50,3350,3800.0,200.0,3300,50,"Duct envelope fits only; actual support, flange, actuator and terminal/plenum envelope unverified"
RA-H08-E01,RA,08,350.0,3400,50,3350,3800.0,200.0,3300,50,"Duct envelope fits only; actual support, flange, actuator and terminal/plenum envelope unverified"
RA-H08-E02,RA,08,350.0,3400,50,3350,3800.0,200.0,3300,50,"Duct envelope fits only; actual support, flange, actuator and terminal/plenum envelope unverified"
RA-H08-E03,RA,08,350.0,3400,50,3350,3800.0,200.0,3300,50,"Duct envelope fits only; actual support, flange, actuator and terminal/plenum envelope unverified"
RA-H08-N01,RA,08,350.0,3400,50,3350,3800.0,200.0,3300,50,"Duct envelope fits only; actual support, flange, actuator and terminal/plenum envelope unverified"
RA-H08-N02,RA,08,350.0,3400,50,3350,3800.0,200.0,3300,50,"Duct envelope fits only; actual support, flange, actuator and terminal/plenum envelope unverified"
