tag,previous_points_mm,revised_points_mm,previous_size_mm,revised_size_mm,previous_flow_l_s,revised_flow_l_s,reason,status
SA-M02,"[[1800, 16600], [1800, 13200]]","[[1800, 16600], [1800, 12525]]",1100x575,1100x575,3033.0,3033.0,Operator take-off below the GF-02 supply terminal row,Proposed coordination revision; approval / levels pending
SA-M03,"[[1800, 13200], [1800, 9300], [3500, 9300]]","[[1800, 12525], [1800, 9475], [4150, 9475]]",950x500,650x750,2255.3,2255.3,Corridor supply track; narrower plan width,Proposed coordination revision; approval / levels pending
SA-M04,"[[3500, 9300], [7000, 9300]]","[[4150, 9475], [5700, 9475]]",850x425,650x575,1806.1,1806.1,Corridor supply track; narrower plan width,Proposed coordination revision; approval / levels pending
SA-M05,"[[7000, 9300], [11000, 9300]]","[[5700, 9475], [12500, 9475]]",650x300,650x300,921.5,921.5,Common corridor branch take-off at x=12500,Proposed coordination revision; approval / levels pending
SA-M06,"[[11000, 9300], [13200, 9300]]","[[12500, 9475], [13400, 9475]]",500x250,500x250,503.3,503.3,Continue after corridor take-off,Proposed coordination revision; approval / levels pending
SA-M07,"[[13200, 9300], [15500, 9300]]","[[13400, 9475], [15500, 9475]]",450x250,450x250,457.1,457.1,Corridor supply track / clear eastern clean-agent branch,Proposed coordination revision; approval / levels pending
SA-M08,"[[15500, 9300], [17800, 9300]]","[[15500, 9475], [17800, 9475]]",400x200,400x200,288.9,288.9,Corridor supply track / clear eastern clean-agent branch,Proposed coordination revision; approval / levels pending
SA-M09,"[[17800, 9300], [18500, 9300]]","[[17800, 9475], [19400, 9475]]",300x200,300x200,141.3,141.3,Corridor supply track / clear eastern clean-agent branch,Proposed coordination revision; approval / levels pending
RA-M01,"[[3500, 16400], [3500, 19000]]","[[3500, 15500], [3500, 19000]]",1400x650,1400x650,3006.680338,3006.680338,GF-02 return take-off separated from supply branch,Proposed coordination revision; approval / levels pending
RA-M02,"[[3500, 12200], [3500, 16400]]","[[3500, 11400], [3500, 15500]]",1200x600,1200x600,2401.216948,2401.216948,Operator return below all GF-02 return runouts,Proposed coordination revision; approval / levels pending
RA-M03,"[[4100, 8350], [3500, 8350], [3500, 12200]]","[[4800, 8225], [3500, 8225], [3500, 11400]]",850x550,600x800,1682.853558,1682.853558,Corridor return track; narrower plan width,Proposed coordination revision; approval / levels pending
RA-M04,"[[7500, 8350], [4100, 8350]]","[[8000, 8225], [4800, 8225]]",800x450,600x600,1292.990169,1292.990169,Corridor return track; meeting return at x=4800,Proposed coordination revision; approval / levels pending
RA-M05,"[[11300, 8350], [7500, 8350]]","[[11300, 8225], [8000, 8225]]",650x300,350x575,467.726779,467.726779,"Corridor return track; preserve section area with deeper, narrower duct",Proposed coordination revision; approval / levels pending
RA-M06,"[[15350, 8350], [11300, 8350]]","[[13000, 8225], [11300, 8225]]",450x225,350x300,108.86339,108.86339,Bed-room return track clear of supply / toilet header,Proposed coordination revision; approval / levels pending
SA-B05,"[[1800, 13200], [14000, 13200]]","[[1800, 12525], [14000, 12525], [14000, 13200]]",600x350,600x350,777.7,777.7,Separate feeder from the GF-02 bottom supply runouts,Proposed coordination revision; approval / levels pending
RA-B02,"[[6000, 16400], [3500, 16400]]","[[6000, 15500], [3500, 15500]]",600x400,600x400,605.46339,605.46339,Separate the room return branch from the supply branch,Proposed coordination revision; approval / levels pending
RA-H02-U01,"[[6000, 17000], [6000, 16400]]","[[6000, 17000], [6000, 15500]]",600x400,600x400,302.731695,302.731695,Return header above revised branch,Proposed coordination revision; approval / levels pending
RA-H02-D01,"[[6000, 11900], [6000, 16400]]","[[6000, 11900], [6000, 15500]]",600x400,600x400,302.731695,302.731695,Return header below revised branch,Proposed coordination revision; approval / levels pending
RA-R02-01,"[[1200, 17000], [6000, 17000]]","[[5400, 17000], [6000, 17000]]",300x,300x,151.365847,151.365847,Individual return neck; no crossing of the common return main,Proposed coordination revision; approval / levels pending
RA-R02-02,"[[7700, 17000], [6000, 17000]]","[[7700, 17000], [6000, 17000]]",300x,300x,151.365847,151.365847,Individual return neck; no crossing of the common return main,Proposed coordination revision; approval / levels pending
RA-R02-03,"[[1200, 11900], [6000, 11900]]","[[5400, 11900], [6000, 11900]]",300x,300x,151.365847,151.365847,Individual return neck; no crossing of the common return main,Proposed coordination revision; approval / levels pending
RA-R02-04,"[[7700, 11900], [6000, 11900]]","[[7700, 11900], [6000, 11900]]",300x,300x,151.365847,151.365847,Individual return neck; no crossing of the common return main,Proposed coordination revision; approval / levels pending
SA-B04,"[[3500, 9300], [3500, 6500], [2900, 6500]]","[[4150, 9475], [4150, 6500], [2900, 6500]]",450x300,350x400,449.2,449.2,Meeting supply track between the common return main and room return header,Proposed coordination revision; approval / levels pending
SA-R04-02,"[[2900, 4300], [4300, 4300]]","[[2900, 4300], [4100, 4300]]",325x,325x,149.733333,149.733333,Clear the return header and leave space at the diffuser face,Proposed coordination revision; approval / levels pending
RA-B04,"[[3000, 6900], [4100, 6900], [4100, 8350]]","[[4800, 7300], [4800, 8225]]",500x350,500x350,389.86339,389.86339,Straight meeting return branch after the highest grille,Proposed coordination revision; approval / levels pending
RA-H04-U01,"[[3000, 7000], [3000, 6900]]","[[4800, 7200], [4800, 7300]]",500x350,500x350,129.954463,129.954463,Return header spaced from the meeting supply header,Proposed coordination revision; approval / levels pending
RA-H04-D01,"[[3000, 4300], [3000, 6900]]","[[4800, 4300], [4800, 7200]]",500x350,500x350,259.908926,259.908926,Return header spaced from the meeting supply header,Proposed coordination revision; approval / levels pending
RA-H04-D02,"[[3000, 1000], [3000, 4300]]","[[4800, 1000], [4800, 4300]]",500x350,500x350,129.954463,129.954463,Return header spaced from the meeting supply header,Proposed coordination revision; approval / levels pending
RA-H04-U01,"[[4800, 7200], [4800, 7300]]","[[4800, 7200], [4800, 7300]]",500x350,500x350,129.954463,389.86339,Common return segment after all three grilles,Proposed coordination revision; approval / levels pending
RA-R04-01,"[[700, 7000], [3000, 7000]]","[[700, 7200], [4800, 7200]]",300x,300x,129.954463,129.954463,Individual return neck / integral short neck where noted,Proposed coordination revision; approval / levels pending
RA-R04-02,"[[4900, 4300], [3000, 4300]]","[[5000, 4300], [4800, 4300]]",300x,300x,129.954463,129.954463,Individual return neck / integral short neck where noted,Proposed coordination revision; approval / levels pending
RA-R04-03,"[[700, 1000], [3000, 1000]]","[[700, 1000], [4800, 1000]]",300x,300x,129.954463,129.954463,Individual return neck / integral short neck where noted,Proposed coordination revision; approval / levels pending
SA-B08,"[[7000, 9300], [7000, 6300], [8500, 6300]]","[[5700, 9475], [5700, 5600], [8500, 5600]]",600x400,600x400,884.6,884.6,Feeder west of every supply runout,Proposed coordination revision; approval / levels pending
SA-H08-U01,"[[8500, 6300], [8500, 6500]]","[[8500, 5600], [8500, 6500]]",600x400,600x400,294.866667,294.866667,Upper outlet pair above the feeder,Proposed coordination revision; approval / levels pending
SA-H08-D01,"[[8500, 6300], [8500, 4200]]","[[8500, 5600], [8500, 4200]]",600x400,600x400,589.733333,589.733333,Lower outlet pairs below the feeder,Proposed coordination revision; approval / levels pending
RA-B08,"[[8900, 6900], [7500, 6900], [7500, 8350]]","[[11250, 7650], [8000, 7650], [8000, 8225]]",700x450,500x650,825.26339,825.26339,Return branch clear of supply header and return main,Proposed coordination revision; approval / levels pending
RA-H08-U01,"[[8900, 7100], [8900, 6900]]","[[11250, 7150], [11250, 7650]]",700x450,500x650,275.087797,825.26339,Common return header after the upper pair,Proposed coordination revision; approval / levels pending
RA-H08-D01,"[[8900, 4600], [8900, 6900]]","[[11250, 4600], [11250, 7150]]",700x450,500x650,550.175593,550.175593,Return collection rail clear of supply runouts,Proposed coordination revision; approval / levels pending
RA-H08-D02,"[[8900, 900], [8900, 4600]]","[[11250, 900], [11250, 4600]]",700x450,500x650,275.087797,275.087797,Return collection rail clear of supply runouts,Proposed coordination revision; approval / levels pending
RA-R08-01,"[[5900, 7100], [8900, 7100]]","[[6400, 7150], [11250, 7150]]",300x,300x,137.543898,137.543898,Separate left / right necks; right neck uses integral plenum drop,Proposed coordination revision; approval / levels pending
RA-R08-02,"[[11200, 7100], [8900, 7100]]","[[11500, 7150], [11250, 7150]]",300x,300x,137.543898,137.543898,Separate left / right necks; right neck uses integral plenum drop,Proposed coordination revision; approval / levels pending
RA-R08-03,"[[5900, 4600], [8900, 4600]]","[[5900, 4600], [11250, 4600]]",300x,300x,137.543898,137.543898,Separate left / right necks; right neck uses integral plenum drop,Proposed coordination revision; approval / levels pending
RA-R08-04,"[[11200, 4600], [8900, 4600]]","[[11500, 4600], [11250, 4600]]",300x,300x,137.543898,137.543898,Separate left / right necks; right neck uses integral plenum drop,Proposed coordination revision; approval / levels pending
RA-R08-05,"[[5900, 900], [8900, 900]]","[[5900, 900], [11250, 900]]",300x,300x,137.543898,137.543898,Separate left / right necks; right neck uses integral plenum drop,Proposed coordination revision; approval / levels pending
RA-R08-06,"[[11200, 900], [8900, 900]]","[[11500, 900], [11250, 900]]",300x,300x,137.543898,137.543898,Separate left / right necks; right neck uses integral plenum drop,Proposed coordination revision; approval / levels pending
RA-B05,"[[14900, 12200], [3500, 12200]]","[[19500, 11400], [3500, 11400]]",650x400,500x525,718.36339,718.36339,Common return feeder below the room supply tree,Proposed coordination revision; approval / levels pending
RA-H05-U01,"[[14900, 12500], [14900, 12200]]","[[19500, 12500], [19500, 11400]]",650x400,500x525,574.690712,574.690712,East return rail after right middle grille,Proposed coordination revision; approval / levels pending
RA-H05-U02,"[[14900, 14600], [14900, 12500]]","[[19500, 18800], [19500, 12500]]",650x400,500x525,431.018034,431.018034,East return rail after the upper right grille,Proposed coordination revision; approval / levels pending
RA-H05-U03,"[[14900, 18800], [14900, 14600]]","[[19500, 19000], [19500, 18800]]",650x400,500x525,287.345356,287.345356,East return rail before the upper right grille,Proposed coordination revision; approval / levels pending
RA-H05-D01,"[[14900, 10700], [14900, 12200]]","[[9600, 14600], [9600, 18800]]",650x400,500x525,143.672678,143.672678,West return rail; no crossing of supply header,Proposed coordination revision; approval / levels pending
RA-H05-L01,NEW,"[[9600, 18800], [9600, 19000]]",NEW,500x525,,287.345356,West return rail after both left grilles,Proposed coordination revision; approval / levels pending
RA-H05-N01,NEW,"[[9600, 19000], [19500, 19000]]",NEW,500x525,,287.345356,Return bridge north of all supply outlets,Proposed coordination revision; approval / levels pending
RA-R05-01,"[[9700, 18800], [14900, 18800]]","[[9900, 18800], [9600, 18800]]",300x,300x,143.672678,143.672678,Individual return neck to the perimeter rail,Proposed coordination revision; approval / levels pending
RA-R05-02,"[[19000, 18800], [14900, 18800]]","[[19000, 18800], [19500, 18800]]",300x,300x,143.672678,143.672678,Individual return neck to the perimeter rail,Proposed coordination revision; approval / levels pending
RA-R05-03,"[[9700, 14600], [14900, 14600]]","[[9900, 14600], [9600, 14600]]",300x,300x,143.672678,143.672678,Individual return neck to the perimeter rail,Proposed coordination revision; approval / levels pending
RA-R05-04,"[[19000, 12500], [14900, 12500]]","[[19000, 12500], [19500, 12500]]",300x,300x,143.672678,143.672678,Individual return neck to the perimeter rail,Proposed coordination revision; approval / levels pending
RA-R05-05,"[[15100, 10700], [14900, 10700]]","[[15100, 12000], [19500, 12000]]",300x,300x,143.672678,143.672678,Individual return neck to the perimeter rail,Proposed coordination revision; approval / levels pending
RA-H05-U01,"[[19500, 12500], [19500, 11400]]","[[19500, 12500], [19500, 12000]]",500x525,500x525,574.690712,574.690712,East rail before the fifth outlet,Proposed coordination revision; approval / levels pending
RA-H05-E01,NEW,"[[19500, 12000], [19500, 11400]]",NEW,500x525,,718.36339,East rail after the fifth outlet,Proposed coordination revision; approval / levels pending
SA-B06,"[[11000, 9300], [11000, 10600], [11800, 10600]]","[[12500, 9475], [12500, 10700]]",450x300,450x300,418.2,418.2,Straight common branch before the three-way distribution / heater station,Proposed coordination revision; approval / levels pending
SA-H06-D01,"[[11800, 10600], [11800, 6000]]","[[12500, 10700], [5400, 10700]]",450x300,450x300,139.4,139.4,West supply header; one outlet,Proposed coordination revision; approval / levels pending
SA-H06-E01,NEW,"[[12500, 10700], [14700, 10700]]",NEW,450x300,,278.8,East supply header; two outlets,Proposed coordination revision; approval / levels pending
SA-H06-E02,NEW,"[[14700, 10700], [18300, 10700]]",NEW,450x300,,139.4,East supply header after second outlet,Proposed coordination revision; approval / levels pending
SA-R06-01,"[[11800, 10600], [5400, 10600], [5400, 9800]]","[[5400, 10700], [5400, 10150]]",300x,300x,139.4,139.4,Single neck to a corridor outlet; no backtracking over its feeder,Proposed coordination revision; approval / levels pending
SA-R06-02,"[[11800, 10600], [14700, 10600], [14700, 9800]]","[[14700, 10700], [14700, 10150]]",300x,300x,139.4,139.4,Single neck to a corridor outlet; no backtracking over its feeder,Proposed coordination revision; approval / levels pending
SA-R06-03,"[[11800, 6000], [16300, 6000]]","[[18300, 10700], [18300, 10150]]",300x,300x,139.4,139.4,Single neck to a corridor outlet; no backtracking over its feeder,Proposed coordination revision; approval / levels pending
RA-B06,"[[13000, 10200], [13600, 10200], [13600, 7700], [11300, 7700], [11300, 8350]]","[[11300, 8850], [11300, 8225]]",550x350,350x550,358.86339,358.86339,Straight common corridor collection branch,Proposed coordination revision; approval / levels pending
RA-H06-D01,"[[13000, 5600], [13000, 10200]]","[[17200, 8850], [11300, 8850]]",550x350,350x550,89.715847,179.431695,East return collection header; two grilles,Proposed coordination revision; approval / levels pending
RA-H06-L01,NEW,"[[4500, 8850], [9700, 8850]]",NEW,350x550,,89.715847,West collection header; one grille,Proposed coordination revision; approval / levels pending
RA-H06-L02,NEW,"[[9700, 8850], [11300, 8850]]",NEW,350x550,,179.431695,West collection header; two grilles,Proposed coordination revision; approval / levels pending
RA-H06-E01,NEW,"[[18300, 8850], [17200, 8850]]",NEW,350x550,,89.715847,East collection header before third grille,Proposed coordination revision; approval / levels pending
RA-R06-01,"[[3100, 8550], [3100, 10200], [13000, 10200]]","[[4500, 8875], [4500, 8850]]",300x,300x,89.715847,89.715847,"Individual integral neck; common runs are rectangular headers, not duplicated round runouts",Proposed coordination revision; approval / levels pending
RA-R06-02,"[[9700, 8550], [9700, 10200], [13000, 10200]]","[[9700, 8875], [9700, 8850]]",300x,300x,89.715847,89.715847,"Individual integral neck; common runs are rectangular headers, not duplicated round runouts",Proposed coordination revision; approval / levels pending
RA-R06-03,"[[17200, 8550], [17200, 10200], [13000, 10200]]","[[17200, 8875], [17200, 8850]]",300x,300x,89.715847,89.715847,"Individual integral neck; common runs are rectangular headers, not duplicated round runouts",Proposed coordination revision; approval / levels pending
RA-R06-04,"[[15100, 5600], [13000, 5600]]","[[18300, 8875], [18300, 8850]]",300x,300x,89.715847,89.715847,"Individual integral neck; common runs are rectangular headers, not duplicated round runouts",Proposed coordination revision; approval / levels pending
SA-B09,"[[13200, 9300], [13200, 7100], [13000, 7100]]","[[13400, 9475], [13400, 7600]]",200x150,200x150,46.2,46.2,Toilet supply header clear of bed-room return rail,Proposed coordination revision; approval / levels pending
SA-H09-D01,"[[13000, 7100], [13000, 7000]]","[[13400, 7600], [13400, 7000]]",200x150,200x150,46.2,46.2,Separate toilet supply header,Proposed coordination revision; approval / levels pending
SA-H09-D02,"[[13000, 7000], [13000, 5200]]","[[13400, 7000], [13400, 5200]]",200x150,200x150,23.1,23.1,Separate toilet supply header,Proposed coordination revision; approval / levels pending
SA-R09-01,"[[13000, 7000], [13200, 7000]]","[[13400, 7000], [13600, 7000]]",150x,150x,23.1,23.1,Short integral neck to toilet diffuser,Proposed coordination revision; approval / levels pending
SA-R09-02,"[[13000, 5200], [13200, 5200]]","[[13400, 5200], [13600, 5200]]",150x,150x,23.1,23.1,Short integral neck to toilet diffuser,Proposed coordination revision; approval / levels pending
SA-B07,"[[15500, 9300], [15500, 3600], [14100, 3600]]","[[15500, 9475], [15500, 3600], [14100, 3600]]",300x250,300x250,168.2,168.2,Bed-room supply branch clear of its return branch,Proposed coordination revision; approval / levels pending
RA-B07,"[[15000, 2200], [15350, 2200], [15350, 8350]]","[[13000, 2200], [13000, 8225]]",350x250,350x250,108.86339,108.86339,West bed-room return branch; no coincident supply / return run,Proposed coordination revision; approval / levels pending
RA-H07-D01,"[[15000, 1400], [15000, 2200]]","[[13000, 1400], [13000, 2200]]",350x250,350x250,108.86339,108.86339,West bed-room return rail,Proposed coordination revision; approval / levels pending
RA-R07-01,"[[14400, 1400], [15000, 1400]]","[[14400, 1400], [13000, 1400]]",300x,300x,108.86339,108.86339,Return neck to the west rail,Proposed coordination revision; approval / levels pending
SA-B03,"[[17800, 9300], [17800, 7300], [18200, 7300]]","[[17800, 9475], [17800, 7300], [18200, 7300]]",300x200,300x200,147.6,147.6,Kitchen supply branch,Proposed coordination revision; approval / levels pending
SA-B01,"[[18500, 9300], [18500, 8800], [16800, 8800], [16800, 3500]]","[[19400, 9475], [19400, 3500], [16800, 3500]]",300x200,300x200,141.3,141.3,Eastern clean-agent feed; avoids crossing the kitchen supply branch,Proposed coordination revision; approval / levels pending
SA-H01-D01,"[[16800, 3500], [16800, 3200]]","[[16800, 3500], [16800, 3000]]",300x200,300x200,141.3,141.3,Straight outlet station clear of the clean-agent feeder elbow,Proposed coordination revision; approval / levels pending
SA-R01-01,"[[16800, 3200], [18100, 3200]]","[[16800, 3000], [18100, 3000]]",300x,300x,141.3,141.3,Terminal neck clear of the common feeder,Proposed coordination revision; approval / levels pending
